Invoice ID,Date,City,Branch,Customer Type,Gender,Product Line,Unit Price,Quantity,Payment,Rating,Total,Tax
INV-0001,2023-01-01,Bangalore,A,Normal,Female,Home and lifestyle,47.53,8,Cash,9.8,380.24,19.01
INV-0002,2023-01-02,Delhi,B,Member,Female,Sports and travel,74.83,7,Cash,8.2,523.81,26.19
INV-0003,2023-01-03,Bangalore,C,Normal,Female,Sports and travel,10.01,8,Credit card,8.6,80.08,4.0
INV-0004,2023-01-04,Delhi,A,Normal,Female,Sports and travel,37.21,4,Credit card,8.1,148.84,7.44
INV-0005,2023-01-05,Delhi,A,Normal,Female,Sports and travel,23.21,1,Credit card,9.2,23.21,1.16
INV-0006,2023-01-06,Delhi,B,Member,Female,Food and beverages,18.31,4,Credit card,6.2,73.24,3.66
INV-0007,2023-01-07,Mumbai,B,Member,Female,Fashion accessories,26.76,4,Ewallet,7.2,107.04,5.35
INV-0008,2023-01-08,Mumbai,C,Member,Female,Food and beverages,41.1,4,Ewallet,7.0,164.4,8.22
INV-0009,2023-01-09,Mumbai,B,Normal,Female,Health and Beauty,45.71,2,Credit card,9.3,91.42,4.57
INV-0010,2023-01-10,Delhi,C,Normal,Female,Sports and travel,58.49,3,Ewallet,4.5,175.47,8.77
INV-0011,2023-01-11,Bangalore,A,Member,Female,Home and lifestyle,47.73,1,Cash,2.7,47.73,2.39
INV-0012,2023-01-12,Mumbai,B,Member,Female,Health and Beauty,71.67,4,Cash,1.7,286.68,14.33
INV-0013,2023-01-13,Mumbai,C,Normal,Male,Food and beverages,28.4,8,Ewallet,7.8,227.2,11.36
INV-0014,2023-01-14,Bangalore,A,Normal,Female,Food and beverages,89.03,6,Ewallet,6.1,534.18,26.71
INV-0015,2023-01-15,Bangalore,B,Member,Female,Fashion accessories,12.46,9,Credit card,9.7,112.14,5.61
INV-0016,2023-01-16,Mumbai,B,Normal,Female,Home and lifestyle,70.34,1,Cash,6.8,70.34,3.52
INV-0017,2023-01-17,Delhi,C,Normal,Male,Sports and travel,47.56,5,Ewallet,4.9,237.8,11.89
INV-0018,2023-01-18,Delhi,A,Normal,Male,Health and Beauty,60.28,2,Cash,6.2,120.56,6.03
INV-0019,2023-01-19,Bangalore,B,Normal,Male,Sports and travel,22.63,5,Ewallet,6.6,113.15,5.66
INV-0020,2023-01-20,Delhi,A,Member,Female,Fashion accessories,27.83,7,Cash,5.4,194.81,9.74
INV-0021,2023-01-21,Delhi,C,Normal,Male,Food and beverages,82.07,9,Ewallet,10.0,738.63,36.93
INV-0022,2023-01-22,Bangalore,A,Member,Male,Health and Beauty,97.14,9,Credit card,9.4,874.26,43.71
INV-0023,2023-01-23,Delhi,B,Normal,Male,Food and beverages,38.21,1,Credit card,5.6,38.21,1.91
INV-0024,2023-01-24,Delhi,A,Normal,Female,Sports and travel,72.31,1,Credit card,7.4,72.31,3.62
INV-0025,2023-01-25,Delhi,A,Normal,Female,Fashion accessories,88.88,7,Cash,3.4,622.16,31.11
INV-0026,2023-01-26,Bangalore,A,Member,Female,Sports and travel,90.51,7,Credit card,6.0,633.57,31.68
INV-0027,2023-01-27,Bangalore,C,Member,Female,Health and Beauty,17.65,9,Credit card,6.7,158.85,7.94
INV-0028,2023-01-28,Delhi,B,Normal,Male,Food and beverages,13.51,4,Credit card,5.9,54.04,2.7
INV-0029,2023-01-29,Bangalore,B,Member,Female,Health and Beauty,25.28,8,Cash,6.2,202.24,10.11
INV-0030,2023-01-30,Bangalore,A,Member,Female,Electronic accessories,89.03,2,Credit card,8.4,178.06,8.9
INV-0031,2023-01-31,Mumbai,B,Normal,Male,Electronic accessories,18.85,1,Credit card,9.2,18.85,0.94
INV-0032,2023-02-01,Bangalore,B,Member,Female,Fashion accessories,47.9,4,Cash,6.2,191.6,9.58
INV-0033,2023-02-02,Bangalore,A,Normal,Male,Fashion accessories,96.21,2,Credit card,5.3,192.42,9.62
INV-0034,2023-02-03,Mumbai,C,Member,Male,Home and lifestyle,57.98,4,Cash,7.8,231.92,11.6
INV-0035,2023-02-04,Delhi,C,Normal,Male,Electronic accessories,72.27,4,Cash,3.0,289.08,14.45
INV-0036,2023-02-05,Delhi,A,Normal,Female,Health and Beauty,38.4,3,Cash,4.0,115.2,5.76
INV-0037,2023-02-06,Delhi,C,Normal,Male,Food and beverages,71.79,7,Credit card,3.9,502.53,25.13
INV-0038,2023-02-07,Bangalore,B,Normal,Female,Electronic accessories,85.12,2,Cash,6.7,170.24,8.51
INV-0039,2023-02-08,Mumbai,A,Member,Male,Fashion accessories,11.65,8,Credit card,1.1,93.2,4.66
INV-0040,2023-02-09,Mumbai,A,Normal,Female,Sports and travel,77.51,4,Cash,10.0,310.04,15.5
INV-0041,2023-02-10,Mumbai,C,Member,Male,Sports and travel,99.0,8,Cash,6.0,792.0,39.6
INV-0042,2023-02-11,Mumbai,A,Normal,Male,Health and Beauty,77.33,1,Cash,2.6,77.33,3.87
INV-0043,2023-02-12,Mumbai,B,Member,Female,Sports and travel,35.24,4,Ewallet,2.5,140.96,7.05
INV-0044,2023-02-13,Mumbai,C,Normal,Female,Health and Beauty,81.04,4,Cash,3.1,324.16,16.21
INV-0045,2023-02-14,Mumbai,C,Member,Male,Electronic accessories,19.29,9,Ewallet,2.4,173.61,8.68
INV-0046,2023-02-15,Bangalore,C,Normal,Female,Electronic accessories,50.31,1,Ewallet,8.9,50.31,2.52
INV-0047,2023-02-16,Mumbai,B,Member,Female,Health and Beauty,91.77,6,Cash,5.7,550.62,27.53
INV-0048,2023-02-17,Mumbai,B,Member,Male,Sports and travel,36.43,4,Ewallet,3.9,145.72,7.29
INV-0049,2023-02-18,Delhi,C,Normal,Female,Home and lifestyle,35.9,5,Credit card,3.2,179.5,8.98
INV-0050,2023-02-19,Mumbai,A,Member,Female,Health and Beauty,21.7,5,Cash,5.7,108.5,5.43
INV-0051,2023-02-20,Delhi,A,Normal,Male,Fashion accessories,11.74,1,Cash,6.9,11.74,0.59
INV-0052,2023-02-21,Delhi,C,Member,Male,Fashion accessories,71.1,9,Ewallet,9.0,639.9,32.0
INV-0053,2023-02-22,Delhi,C,Normal,Male,Fashion accessories,29.05,9,Ewallet,7.9,261.45,13.07
INV-0054,2023-02-23,Mumbai,C,Member,Male,Fashion accessories,33.9,8,Cash,4.3,271.2,13.56
INV-0055,2023-02-24,Bangalore,A,Normal,Male,Health and Beauty,54.24,9,Credit card,4.2,488.16,24.41
INV-0056,2023-02-25,Delhi,C,Normal,Male,Health and Beauty,14.8,4,Credit card,4.8,59.2,2.96
INV-0057,2023-02-26,Bangalore,A,Normal,Female,Food and beverages,61.67,3,Ewallet,1.1,185.01,9.25
INV-0058,2023-02-27,Mumbai,C,Normal,Male,Fashion accessories,23.21,4,Cash,3.0,92.84,4.64
INV-0059,2023-02-28,Delhi,C,Member,Female,Fashion accessories,63.04,2,Ewallet,5.6,126.08,6.3
INV-0060,2023-03-01,Bangalore,A,Member,Male,Electronic accessories,72.98,5,Credit card,8.1,364.9,18.24
INV-0061,2023-03-02,Mumbai,C,Member,Female,Food and beverages,19.21,6,Cash,2.7,115.26,5.76
INV-0062,2023-03-03,Bangalore,A,Normal,Female,Fashion accessories,47.27,5,Credit card,5.9,236.35,11.82
INV-0063,2023-03-04,Mumbai,A,Normal,Female,Food and beverages,72.5,9,Credit card,8.2,652.5,32.62
INV-0064,2023-03-05,Delhi,C,Normal,Female,Electronic accessories,47.28,7,Credit card,3.9,330.96,16.55
INV-0065,2023-03-06,Mumbai,C,Normal,Male,Electronic accessories,14.5,6,Credit card,2.6,87.0,4.35
INV-0066,2023-03-07,Delhi,B,Member,Female,Electronic accessories,58.23,1,Credit card,5.9,58.23,2.91
INV-0067,2023-03-08,Bangalore,C,Normal,Female,Electronic accessories,69.74,9,Ewallet,7.5,627.66,31.38
INV-0068,2023-03-09,Delhi,B,Normal,Male,Food and beverages,56.34,7,Ewallet,3.3,394.38,19.72
INV-0069,2023-03-10,Mumbai,B,Normal,Female,Food and beverages,95.01,7,Ewallet,7.3,665.07,33.25
INV-0070,2023-03-11,Delhi,A,Normal,Female,Food and beverages,62.79,9,Ewallet,3.7,565.11,28.26
INV-0071,2023-03-12,Mumbai,C,Normal,Female,Fashion accessories,91.31,7,Cash,3.8,639.17,31.96
INV-0072,2023-03-13,Mumbai,C,Normal,Female,Sports and travel,22.37,5,Credit card,6.9,111.85,5.59
INV-0073,2023-03-14,Mumbai,C,Normal,Female,Fashion accessories,22.53,1,Ewallet,4.7,22.53,1.13
INV-0074,2023-03-15,Bangalore,A,Member,Female,Fashion accessories,82.67,5,Cash,8.4,413.35,20.67
INV-0075,2023-03-16,Mumbai,C,Normal,Female,Food and beverages,45.79,6,Ewallet,4.1,274.74,13.74
INV-0076,2023-03-17,Mumbai,A,Member,Female,Food and beverages,24.88,5,Credit card,1.2,124.4,6.22
INV-0077,2023-03-18,Delhi,C,Normal,Male,Food and beverages,93.48,3,Cash,6.2,280.44,14.02
INV-0078,2023-03-19,Mumbai,B,Normal,Male,Electronic accessories,41.3,1,Cash,6.9,41.3,2.06
INV-0079,2023-03-20,Mumbai,B,Normal,Male,Home and lifestyle,77.57,3,Credit card,6.8,232.71,11.64
INV-0080,2023-03-21,Mumbai,A,Normal,Male,Home and lifestyle,75.34,4,Ewallet,1.0,301.36,15.07
INV-0081,2023-03-22,Mumbai,C,Normal,Male,Food and beverages,89.5,7,Credit card,6.4,626.5,31.33
INV-0082,2023-03-23,Delhi,C,Member,Female,Food and beverages,66.13,9,Credit card,4.9,595.17,29.76
INV-0083,2023-03-24,Bangalore,B,Normal,Male,Food and beverages,77.58,8,Cash,1.4,620.64,31.03
INV-0084,2023-03-25,Mumbai,C,Member,Male,Food and beverages,41.4,3,Cash,7.3,124.2,6.21
INV-0085,2023-03-26,Delhi,B,Member,Male,Food and beverages,34.29,2,Cash,5.7,68.58,3.43
INV-0086,2023-03-27,Mumbai,A,Normal,Female,Food and beverages,90.63,4,Credit card,4.2,362.52,18.13
INV-0087,2023-03-28,Delhi,A,Normal,Male,Food and beverages,48.53,2,Credit card,6.7,97.06,4.85
INV-0088,2023-03-29,Mumbai,C,Member,Female,Food and beverages,96.84,3,Credit card,8.4,290.52,14.53
INV-0089,2023-03-30,Bangalore,A,Normal,Male,Health and Beauty,69.71,3,Cash,9.1,209.13,10.46
INV-0090,2023-03-31,Mumbai,A,Normal,Female,Fashion accessories,65.95,4,Credit card,6.8,263.8,13.19
INV-0091,2023-04-01,Bangalore,B,Normal,Male,Fashion accessories,20.33,3,Credit card,9.4,60.99,3.05
INV-0092,2023-04-02,Mumbai,B,Member,Male,Health and Beauty,95.45,7,Ewallet,8.4,668.15,33.41
INV-0093,2023-04-03,Bangalore,B,Normal,Female,Food and beverages,50.49,3,Cash,2.4,151.47,7.57
INV-0094,2023-04-04,Mumbai,A,Normal,Female,Fashion accessories,62.06,2,Credit card,2.0,124.12,6.21
INV-0095,2023-04-05,Delhi,C,Member,Female,Health and Beauty,46.73,2,Ewallet,5.8,93.46,4.67
INV-0096,2023-04-06,Bangalore,B,Normal,Female,Food and beverages,31.33,6,Ewallet,7.9,187.98,9.4
INV-0097,2023-04-07,Mumbai,B,Member,Female,Sports and travel,91.3,5,Credit card,7.9,456.5,22.83
INV-0098,2023-04-08,Mumbai,B,Member,Female,Fashion accessories,61.63,9,Cash,2.5,554.67,27.73
INV-0099,2023-04-09,Bangalore,B,Normal,Male,Electronic accessories,10.26,5,Cash,8.6,51.3,2.56
INV-0100,2023-04-10,Mumbai,C,Normal,Female,Sports and travel,65.54,8,Credit card,6.7,524.32,26.22
INV-0101,2023-04-11,Delhi,A,Normal,Female,Health and Beauty,39.4,3,Cash,8.7,118.2,5.91
INV-0102,2023-04-12,Mumbai,A,Member,Female,Fashion accessories,57.44,4,Cash,8.7,229.76,11.49
INV-0103,2023-04-13,Mumbai,B,Member,Female,Sports and travel,89.73,1,Cash,9.7,89.73,4.49
INV-0104,2023-04-14,Mumbai,C,Normal,Female,Home and lifestyle,42.15,6,Credit card,2.4,252.9,12.65
INV-0105,2023-04-15,Bangalore,B,Normal,Male,Health and Beauty,91.77,9,Ewallet,1.4,825.93,41.3
INV-0106,2023-04-16,Delhi,C,Member,Male,Health and Beauty,66.1,3,Credit card,5.7,198.3,9.92
INV-0107,2023-04-17,Delhi,A,Normal,Male,Fashion accessories,11.42,5,Credit card,7.3,57.1,2.86
INV-0108,2023-04-18,Delhi,C,Member,Female,Electronic accessories,93.65,1,Ewallet,1.2,93.65,4.68
INV-0109,2023-04-19,Delhi,B,Normal,Female,Sports and travel,72.18,1,Cash,4.7,72.18,3.61
INV-0110,2023-04-20,Mumbai,B,Normal,Male,Sports and travel,99.76,4,Credit card,1.6,399.04,19.95
INV-0111,2023-04-21,Delhi,C,Member,Female,Sports and travel,25.51,5,Credit card,8.5,127.55,6.38
INV-0112,2023-04-22,Bangalore,A,Normal,Female,Electronic accessories,22.34,7,Credit card,5.7,156.38,7.82
INV-0113,2023-04-23,Mumbai,A,Normal,Female,Electronic accessories,93.93,8,Credit card,9.4,751.44,37.57
INV-0114,2023-04-24,Mumbai,B,Member,Female,Fashion accessories,72.71,7,Cash,2.1,508.97,25.45
INV-0115,2023-04-25,Mumbai,A,Normal,Female,Food and beverages,15.94,9,Credit card,7.1,143.46,7.17
INV-0116,2023-04-26,Bangalore,A,Member,Male,Food and beverages,77.99,1,Cash,3.3,77.99,3.9
INV-0117,2023-04-27,Bangalore,B,Normal,Female,Home and lifestyle,77.85,9,Ewallet,5.1,700.65,35.03
INV-0118,2023-04-28,Mumbai,C,Member,Female,Health and Beauty,93.07,1,Credit card,7.7,93.07,4.65
INV-0119,2023-04-29,Delhi,B,Member,Female,Home and lifestyle,74.04,6,Credit card,4.4,444.24,22.21
INV-0120,2023-04-30,Delhi,A,Member,Female,Food and beverages,21.18,3,Cash,6.9,63.54,3.18
INV-0121,2023-05-01,Mumbai,A,Normal,Male,Sports and travel,11.79,1,Credit card,6.3,11.79,0.59
INV-0122,2023-05-02,Bangalore,B,Member,Male,Health and Beauty,12.36,9,Ewallet,3.6,111.24,5.56
INV-0123,2023-05-03,Bangalore,B,Normal,Male,Health and Beauty,12.55,7,Cash,6.5,87.85,4.39
INV-0124,2023-05-04,Bangalore,C,Normal,Female,Health and Beauty,32.16,2,Cash,5.7,64.32,3.22
INV-0125,2023-05-05,Mumbai,A,Normal,Female,Health and Beauty,87.4,6,Credit card,1.7,524.4,26.22
INV-0126,2023-05-06,Bangalore,C,Normal,Female,Sports and travel,58.49,1,Credit card,9.0,58.49,2.92
INV-0127,2023-05-07,Bangalore,A,Member,Male,Electronic accessories,59.75,1,Credit card,8.7,59.75,2.99
INV-0128,2023-05-08,Bangalore,C,Member,Male,Sports and travel,85.78,9,Credit card,8.4,772.02,38.6
INV-0129,2023-05-09,Mumbai,C,Member,Female,Electronic accessories,21.18,2,Ewallet,2.4,42.36,2.12
INV-0130,2023-05-10,Bangalore,A,Normal,Female,Home and lifestyle,35.13,4,Ewallet,9.9,140.52,7.03
INV-0131,2023-05-11,Delhi,C,Member,Female,Health and Beauty,62.72,8,Cash,7.3,501.76,25.09
INV-0132,2023-05-12,Delhi,B,Normal,Female,Home and lifestyle,97.26,6,Cash,6.0,583.56,29.18
INV-0133,2023-05-13,Delhi,B,Normal,Male,Fashion accessories,60.49,2,Cash,2.6,120.98,6.05
INV-0134,2023-05-14,Bangalore,C,Normal,Female,Sports and travel,11.68,3,Cash,9.4,35.04,1.75
INV-0135,2023-05-15,Delhi,B,Member,Female,Health and Beauty,82.06,7,Credit card,7.5,574.42,28.72
INV-0136,2023-05-16,Delhi,C,Member,Female,Fashion accessories,30.97,4,Ewallet,2.9,123.88,6.19
INV-0137,2023-05-17,Bangalore,B,Normal,Male,Health and Beauty,82.64,3,Credit card,2.0,247.92,12.4
INV-0138,2023-05-18,Delhi,A,Member,Male,Home and lifestyle,44.91,2,Ewallet,4.2,89.82,4.49
INV-0139,2023-05-19,Delhi,A,Member,Female,Electronic accessories,87.72,9,Cash,3.4,789.48,39.47
INV-0140,2023-05-20,Delhi,A,Normal,Female,Health and Beauty,77.24,7,Cash,9.2,540.68,27.03
INV-0141,2023-05-21,Delhi,C,Normal,Female,Food and beverages,60.06,6,Ewallet,5.5,360.36,18.02
INV-0142,2023-05-22,Bangalore,B,Normal,Male,Food and beverages,22.28,2,Ewallet,9.7,44.56,2.23
INV-0143,2023-05-23,Bangalore,B,Member,Female,Health and Beauty,15.39,6,Cash,9.8,92.34,4.62
INV-0144,2023-05-24,Mumbai,B,Member,Female,Electronic accessories,20.92,2,Cash,3.9,41.84,2.09
INV-0145,2023-05-25,Delhi,B,Normal,Female,Food and beverages,14.01,7,Ewallet,1.3,98.07,4.9
INV-0146,2023-05-26,Bangalore,C,Member,Female,Electronic accessories,19.67,4,Cash,1.0,78.68,3.93
INV-0147,2023-05-27,Delhi,A,Member,Male,Electronic accessories,30.31,1,Credit card,4.5,30.31,1.52
INV-0148,2023-05-28,Bangalore,A,Member,Male,Food and beverages,74.17,6,Credit card,3.9,445.02,22.25
INV-0149,2023-05-29,Delhi,C,Member,Male,Electronic accessories,60.37,8,Credit card,4.1,482.96,24.15
INV-0150,2023-05-30,Bangalore,C,Normal,Male,Sports and travel,11.13,4,Ewallet,3.1,44.52,2.23
INV-0151,2023-05-31,Mumbai,B,Normal,Female,Fashion accessories,16.48,3,Credit card,5.2,49.44,2.47
INV-0152,2023-06-01,Mumbai,A,Normal,Female,Food and beverages,97.05,5,Credit card,7.6,485.25,24.26
INV-0153,2023-06-02,Mumbai,A,Normal,Male,Food and beverages,61.13,5,Cash,4.2,305.65,15.28
INV-0154,2023-06-03,Mumbai,B,Normal,Female,Electronic accessories,28.3,5,Ewallet,9.1,141.5,7.08
INV-0155,2023-06-04,Mumbai,B,Member,Male,Fashion accessories,32.71,5,Credit card,6.4,163.55,8.18
INV-0156,2023-06-05,Delhi,A,Member,Male,Home and lifestyle,76.94,9,Cash,2.0,692.46,34.62
INV-0157,2023-06-06,Mumbai,C,Normal,Female,Fashion accessories,27.59,2,Cash,2.5,55.18,2.76
INV-0158,2023-06-07,Delhi,A,Member,Female,Health and Beauty,62.32,7,Credit card,1.5,436.24,21.81
INV-0159,2023-06-08,Mumbai,C,Normal,Female,Fashion accessories,97.3,7,Ewallet,2.7,681.1,34.06
INV-0160,2023-06-09,Bangalore,B,Member,Male,Fashion accessories,86.21,8,Cash,5.0,689.68,34.48
INV-0161,2023-06-10,Mumbai,A,Member,Female,Sports and travel,31.59,3,Credit card,2.6,94.77,4.74
INV-0162,2023-06-11,Bangalore,B,Normal,Male,Home and lifestyle,54.44,5,Credit card,8.1,272.2,13.61
INV-0163,2023-06-12,Mumbai,A,Member,Male,Fashion accessories,65.8,6,Cash,2.2,394.8,19.74
INV-0164,2023-06-13,Bangalore,C,Normal,Male,Food and beverages,84.61,8,Ewallet,4.8,676.88,33.84
INV-0165,2023-06-14,Mumbai,A,Normal,Female,Health and Beauty,24.11,4,Cash,7.1,96.44,4.82
INV-0166,2023-06-15,Mumbai,A,Member,Female,Health and Beauty,11.67,8,Credit card,8.2,93.36,4.67
INV-0167,2023-06-16,Delhi,A,Member,Female,Fashion accessories,16.3,2,Ewallet,9.3,32.6,1.63
INV-0168,2023-06-17,Bangalore,C,Normal,Male,Food and beverages,53.77,7,Credit card,6.7,376.39,18.82
INV-0169,2023-06-18,Bangalore,A,Normal,Male,Sports and travel,64.57,8,Ewallet,8.1,516.56,25.83
INV-0170,2023-06-19,Bangalore,A,Member,Female,Home and lifestyle,61.2,5,Cash,3.8,306.0,15.3
INV-0171,2023-06-20,Bangalore,B,Normal,Female,Fashion accessories,38.56,9,Cash,1.9,347.04,17.35
INV-0172,2023-06-21,Bangalore,A,Member,Male,Health and Beauty,98.98,8,Cash,8.9,791.84,39.59
INV-0173,2023-06-22,Delhi,A,Normal,Female,Sports and travel,62.18,1,Credit card,9.2,62.18,3.11
INV-0174,2023-06-23,Delhi,C,Member,Male,Home and lifestyle,44.21,5,Cash,6.3,221.05,11.05
INV-0175,2023-06-24,Bangalore,B,Member,Female,Fashion accessories,59.59,2,Cash,8.8,119.18,5.96
INV-0176,2023-06-25,Bangalore,A,Normal,Male,Sports and travel,77.08,8,Credit card,6.9,616.64,30.83
INV-0177,2023-06-26,Delhi,B,Normal,Female,Sports and travel,70.23,9,Cash,8.9,632.07,31.6
INV-0178,2023-06-27,Delhi,A,Member,Male,Food and beverages,33.84,7,Credit card,3.2,236.88,11.84
INV-0179,2023-06-28,Delhi,A,Normal,Female,Health and Beauty,15.97,2,Ewallet,9.4,31.94,1.6
INV-0180,2023-06-29,Delhi,B,Normal,Male,Sports and travel,43.31,9,Cash,6.2,389.79,19.49
INV-0181,2023-06-30,Bangalore,B,Normal,Female,Home and lifestyle,66.67,4,Credit card,2.1,266.68,13.33
INV-0182,2023-07-01,Bangalore,B,Member,Male,Food and beverages,28.92,5,Credit card,6.6,144.6,7.23
INV-0183,2023-07-02,Delhi,A,Normal,Female,Sports and travel,77.75,8,Credit card,4.1,622.0,31.1
INV-0184,2023-07-03,Delhi,C,Normal,Female,Sports and travel,15.99,3,Credit card,9.0,47.97,2.4
INV-0185,2023-07-04,Delhi,C,Member,Female,Home and lifestyle,33.43,3,Credit card,9.3,100.29,5.01
INV-0186,2023-07-05,Delhi,A,Member,Male,Sports and travel,82.43,7,Credit card,9.4,577.01,28.85
INV-0187,2023-07-06,Bangalore,A,Member,Male,Food and beverages,27.41,2,Ewallet,3.0,54.82,2.74
INV-0188,2023-07-07,Mumbai,C,Member,Male,Sports and travel,67.55,3,Cash,7.1,202.65,10.13
INV-0189,2023-07-08,Delhi,A,Normal,Female,Home and lifestyle,57.22,3,Cash,7.5,171.66,8.58
INV-0190,2023-07-09,Bangalore,B,Member,Male,Food and beverages,93.23,2,Ewallet,3.7,186.46,9.32
INV-0191,2023-07-10,Mumbai,B,Normal,Male,Health and Beauty,33.7,6,Credit card,4.6,202.2,10.11
INV-0192,2023-07-11,Delhi,A,Member,Female,Home and lifestyle,15.94,6,Ewallet,3.4,95.64,4.78
INV-0193,2023-07-12,Bangalore,B,Member,Male,Home and lifestyle,76.16,3,Ewallet,5.0,228.48,11.42
INV-0194,2023-07-13,Bangalore,B,Normal,Male,Fashion accessories,79.5,4,Ewallet,5.9,318.0,15.9
INV-0195,2023-07-14,Delhi,B,Member,Female,Food and beverages,91.7,4,Ewallet,1.8,366.8,18.34
INV-0196,2023-07-15,Bangalore,B,Member,Female,Health and Beauty,93.88,4,Cash,1.5,375.52,18.78
INV-0197,2023-07-16,Delhi,A,Member,Male,Food and beverages,11.26,1,Ewallet,5.4,11.26,0.56
INV-0198,2023-07-17,Bangalore,C,Member,Male,Food and beverages,31.09,6,Credit card,5.8,186.54,9.33
INV-0199,2023-07-18,Mumbai,C,Member,Female,Fashion accessories,65.51,4,Cash,3.1,262.04,13.1
INV-0200,2023-07-19,Mumbai,A,Member,Female,Food and beverages,95.41,2,Cash,4.2,190.82,9.54
INV-0201,2023-07-20,Bangalore,B,Member,Male,Fashion accessories,95.52,1,Ewallet,6.9,95.52,4.78
INV-0202,2023-07-21,Mumbai,B,Normal,Female,Food and beverages,60.1,7,Cash,1.3,420.7,21.04
INV-0203,2023-07-22,Delhi,B,Member,Female,Health and Beauty,92.4,5,Cash,6.8,462.0,23.1
INV-0204,2023-07-23,Mumbai,B,Normal,Male,Home and lifestyle,67.74,4,Credit card,9.8,270.96,13.55
INV-0205,2023-07-24,Mumbai,C,Normal,Male,Fashion accessories,45.1,2,Ewallet,4.0,90.2,4.51
INV-0206,2023-07-25,Mumbai,A,Member,Male,Sports and travel,53.74,6,Cash,4.4,322.44,16.12
INV-0207,2023-07-26,Delhi,B,Normal,Female,Fashion accessories,64.39,6,Credit card,9.8,386.34,19.32
INV-0208,2023-07-27,Bangalore,B,Normal,Female,Health and Beauty,59.46,1,Cash,1.3,59.46,2.97
INV-0209,2023-07-28,Delhi,B,Member,Female,Home and lifestyle,93.36,7,Cash,7.0,653.52,32.68
INV-0210,2023-07-29,Bangalore,C,Member,Male,Sports and travel,92.69,8,Ewallet,6.6,741.52,37.08
INV-0211,2023-07-30,Delhi,A,Normal,Male,Fashion accessories,45.54,9,Cash,1.4,409.86,20.49
INV-0212,2023-07-31,Delhi,A,Member,Male,Sports and travel,96.69,3,Credit card,6.6,290.07,14.5
INV-0213,2023-08-01,Mumbai,C,Member,Male,Food and beverages,25.66,9,Ewallet,6.9,230.94,11.55
INV-0214,2023-08-02,Mumbai,A,Normal,Male,Fashion accessories,21.37,6,Credit card,3.3,128.22,6.41
INV-0215,2023-08-03,Delhi,C,Normal,Female,Fashion accessories,22.16,1,Cash,6.9,22.16,1.11
INV-0216,2023-08-04,Delhi,A,Normal,Male,Fashion accessories,55.51,9,Cash,4.2,499.59,24.98
INV-0217,2023-08-05,Bangalore,C,Normal,Male,Home and lifestyle,11.94,3,Credit card,9.5,35.82,1.79
INV-0218,2023-08-06,Mumbai,C,Normal,Male,Sports and travel,95.32,9,Credit card,3.5,857.88,42.89
INV-0219,2023-08-07,Delhi,A,Member,Male,Health and Beauty,84.44,5,Credit card,9.1,422.2,21.11
INV-0220,2023-08-08,Mumbai,C,Member,Male,Fashion accessories,11.35,2,Cash,6.3,22.7,1.14
INV-0221,2023-08-09,Delhi,A,Normal,Female,Food and beverages,25.86,3,Cash,7.3,77.58,3.88
INV-0222,2023-08-10,Mumbai,B,Normal,Female,Fashion accessories,39.89,2,Cash,10.0,79.78,3.99
INV-0223,2023-08-11,Mumbai,B,Normal,Female,Health and Beauty,21.79,7,Cash,9.7,152.53,7.63
INV-0224,2023-08-12,Mumbai,B,Normal,Male,Fashion accessories,82.85,6,Ewallet,1.7,497.1,24.86
INV-0225,2023-08-13,Delhi,C,Normal,Female,Health and Beauty,41.03,1,Ewallet,3.4,41.03,2.05
INV-0226,2023-08-14,Mumbai,B,Normal,Male,Health and Beauty,94.61,7,Cash,1.1,662.27,33.11
INV-0227,2023-08-15,Delhi,A,Normal,Male,Home and lifestyle,62.38,2,Ewallet,8.2,124.76,6.24
INV-0228,2023-08-16,Delhi,C,Normal,Female,Home and lifestyle,89.09,1,Cash,9.4,89.09,4.45
INV-0229,2023-08-17,Mumbai,A,Member,Female,Sports and travel,86.03,2,Credit card,5.9,172.06,8.6
INV-0230,2023-08-18,Delhi,C,Member,Male,Sports and travel,91.49,4,Ewallet,7.2,365.96,18.3
INV-0231,2023-08-19,Delhi,A,Normal,Female,Fashion accessories,51.39,6,Credit card,2.7,308.34,15.42
INV-0232,2023-08-20,Bangalore,C,Member,Female,Food and beverages,59.17,5,Credit card,9.5,295.85,14.79
INV-0233,2023-08-21,Bangalore,A,Normal,Male,Food and beverages,81.87,8,Ewallet,9.9,654.96,32.75
INV-0234,2023-08-22,Bangalore,B,Normal,Male,Health and Beauty,35.71,7,Cash,3.2,249.97,12.5
INV-0235,2023-08-23,Bangalore,B,Member,Male,Fashion accessories,54.12,5,Ewallet,9.4,270.6,13.53
INV-0236,2023-08-24,Bangalore,A,Member,Female,Home and lifestyle,63.92,3,Ewallet,9.9,191.76,9.59
INV-0237,2023-08-25,Bangalore,B,Normal,Male,Sports and travel,11.4,4,Cash,1.7,45.6,2.28
INV-0238,2023-08-26,Delhi,C,Normal,Male,Food and beverages,63.41,3,Cash,5.7,190.23,9.51
INV-0239,2023-08-27,Delhi,A,Normal,Male,Home and lifestyle,49.03,9,Ewallet,9.9,441.27,22.06
INV-0240,2023-08-28,Mumbai,A,Normal,Female,Fashion accessories,82.66,5,Cash,8.3,413.3,20.67
INV-0241,2023-08-29,Bangalore,C,Member,Female,Electronic accessories,38.37,3,Cash,5.8,115.11,5.76
INV-0242,2023-08-30,Delhi,C,Normal,Female,Food and beverages,90.36,6,Credit card,4.9,542.16,27.11
INV-0243,2023-08-31,Mumbai,A,Member,Male,Sports and travel,62.01,2,Cash,2.0,124.02,6.2
INV-0244,2023-09-01,Delhi,B,Normal,Female,Electronic accessories,26.56,3,Cash,9.3,79.68,3.98
INV-0245,2023-09-02,Bangalore,A,Member,Male,Home and lifestyle,80.91,6,Ewallet,5.7,485.46,24.27
INV-0246,2023-09-03,Delhi,A,Normal,Female,Sports and travel,65.08,4,Cash,2.8,260.32,13.02
INV-0247,2023-09-04,Bangalore,C,Normal,Female,Electronic accessories,14.85,4,Credit card,3.4,59.4,2.97
INV-0248,2023-09-05,Mumbai,A,Normal,Female,Sports and travel,47.82,4,Ewallet,3.3,191.28,9.56
INV-0249,2023-09-06,Mumbai,C,Normal,Female,Home and lifestyle,71.12,3,Cash,9.4,213.36,10.67
INV-0250,2023-09-07,Bangalore,A,Member,Female,Food and beverages,92.67,9,Cash,3.2,834.03,41.7
INV-0251,2023-09-08,Mumbai,A,Member,Male,Electronic accessories,10.04,2,Credit card,3.1,20.08,1.0
INV-0252,2023-09-09,Mumbai,A,Normal,Male,Fashion accessories,97.91,7,Cash,9.7,685.37,34.27
INV-0253,2023-09-10,Mumbai,A,Normal,Female,Sports and travel,43.89,5,Ewallet,3.5,219.45,10.97
INV-0254,2023-09-11,Bangalore,C,Member,Female,Home and lifestyle,97.64,4,Cash,3.0,390.56,19.53
INV-0255,2023-09-12,Mumbai,A,Normal,Female,Fashion accessories,64.42,5,Cash,8.9,322.1,16.1
INV-0256,2023-09-13,Bangalore,C,Member,Female,Sports and travel,84.6,9,Ewallet,4.6,761.4,38.07
INV-0257,2023-09-14,Mumbai,C,Normal,Male,Food and beverages,61.72,4,Cash,2.8,246.88,12.34
INV-0258,2023-09-15,Delhi,C,Normal,Female,Sports and travel,66.53,9,Ewallet,4.7,598.77,29.94
INV-0259,2023-09-16,Bangalore,C,Member,Male,Sports and travel,35.7,8,Ewallet,2.0,285.6,14.28
INV-0260,2023-09-17,Mumbai,A,Member,Female,Home and lifestyle,62.82,2,Ewallet,7.0,125.64,6.28
INV-0261,2023-09-18,Mumbai,C,Normal,Female,Home and lifestyle,77.5,4,Credit card,7.7,310.0,15.5
INV-0262,2023-09-19,Bangalore,B,Normal,Female,Home and lifestyle,87.25,5,Credit card,2.1,436.25,21.81
INV-0263,2023-09-20,Bangalore,B,Member,Male,Food and beverages,77.96,1,Cash,2.6,77.96,3.9
INV-0264,2023-09-21,Delhi,B,Member,Male,Sports and travel,72.83,3,Ewallet,9.6,218.49,10.92
INV-0265,2023-09-22,Mumbai,C,Member,Female,Sports and travel,87.8,4,Credit card,3.6,351.2,17.56
INV-0266,2023-09-23,Delhi,A,Member,Female,Sports and travel,39.04,5,Cash,4.3,195.2,9.76
INV-0267,2023-09-24,Delhi,B,Member,Male,Electronic accessories,70.37,3,Ewallet,2.1,211.11,10.56
INV-0268,2023-09-25,Bangalore,B,Normal,Male,Electronic accessories,50.58,1,Cash,6.7,50.58,2.53
INV-0269,2023-09-26,Bangalore,A,Normal,Female,Sports and travel,44.39,6,Credit card,2.1,266.34,13.32
INV-0270,2023-09-27,Bangalore,A,Member,Female,Fashion accessories,46.97,9,Credit card,1.2,422.73,21.14
INV-0271,2023-09-28,Mumbai,B,Normal,Female,Home and lifestyle,46.13,8,Cash,4.9,369.04,18.45
INV-0272,2023-09-29,Delhi,A,Normal,Female,Sports and travel,38.56,9,Credit card,1.8,347.04,17.35
INV-0273,2023-09-30,Delhi,B,Member,Female,Food and beverages,65.97,9,Credit card,6.4,593.73,29.69
INV-0274,2023-10-01,Delhi,B,Member,Male,Home and lifestyle,48.72,5,Ewallet,5.9,243.6,12.18
INV-0275,2023-10-02,Bangalore,A,Member,Female,Health and Beauty,97.64,7,Cash,7.5,683.48,34.17
INV-0276,2023-10-03,Bangalore,A,Normal,Male,Sports and travel,71.0,4,Cash,9.7,284.0,14.2
INV-0277,2023-10-04,Bangalore,A,Normal,Male,Health and Beauty,27.87,5,Cash,9.6,139.35,6.97
INV-0278,2023-10-05,Bangalore,C,Normal,Female,Home and lifestyle,48.4,6,Ewallet,1.2,290.4,14.52
INV-0279,2023-10-06,Mumbai,A,Member,Female,Food and beverages,40.9,2,Credit card,6.2,81.8,4.09
INV-0280,2023-10-07,Delhi,A,Member,Female,Home and lifestyle,81.79,5,Credit card,9.7,408.95,20.45
INV-0281,2023-10-08,Bangalore,C,Member,Female,Health and Beauty,89.2,6,Credit card,6.0,535.2,26.76
INV-0282,2023-10-09,Mumbai,B,Normal,Female,Fashion accessories,91.35,3,Credit card,5.1,274.05,13.7
INV-0283,2023-10-10,Mumbai,C,Member,Male,Electronic accessories,69.64,5,Ewallet,4.0,348.2,17.41
INV-0284,2023-10-11,Mumbai,C,Member,Female,Health and Beauty,34.32,1,Cash,7.1,34.32,1.72
INV-0285,2023-10-12,Bangalore,A,Member,Female,Home and lifestyle,32.71,9,Cash,9.2,294.39,14.72
INV-0286,2023-10-13,Delhi,B,Normal,Male,Food and beverages,86.94,4,Credit card,4.2,347.76,17.39
INV-0287,2023-10-14,Mumbai,B,Member,Female,Fashion accessories,57.49,8,Cash,9.9,459.92,23.0
INV-0288,2023-10-15,Bangalore,B,Normal,Male,Sports and travel,82.19,1,Cash,3.6,82.19,4.11
INV-0289,2023-10-16,Bangalore,C,Member,Female,Fashion accessories,61.52,4,Credit card,3.2,246.08,12.3
INV-0290,2023-10-17,Bangalore,C,Member,Female,Health and Beauty,75.98,6,Credit card,4.7,455.88,22.79
INV-0291,2023-10-18,Bangalore,A,Normal,Female,Fashion accessories,56.71,6,Ewallet,2.8,340.26,17.01
INV-0292,2023-10-19,Mumbai,A,Normal,Female,Sports and travel,79.38,9,Credit card,8.6,714.42,35.72
INV-0293,2023-10-20,Delhi,C,Normal,Female,Electronic accessories,61.2,3,Ewallet,4.6,183.6,9.18
INV-0294,2023-10-21,Mumbai,C,Member,Female,Home and lifestyle,51.91,2,Cash,6.2,103.82,5.19
INV-0295,2023-10-22,Mumbai,A,Member,Female,Health and Beauty,40.84,4,Cash,9.8,163.36,8.17
INV-0296,2023-10-23,Delhi,C,Normal,Male,Home and lifestyle,16.14,2,Ewallet,2.6,32.28,1.61
INV-0297,2023-10-24,Bangalore,A,Normal,Female,Food and beverages,44.01,3,Credit card,7.5,132.03,6.6
INV-0298,2023-10-25,Delhi,B,Member,Male,Home and lifestyle,17.17,9,Cash,7.5,154.53,7.73
INV-0299,2023-10-26,Bangalore,B,Member,Female,Food and beverages,98.45,1,Cash,4.9,98.45,4.92
INV-0300,2023-10-27,Mumbai,B,Member,Female,Electronic accessories,26.35,2,Ewallet,2.4,52.7,2.64
INV-0301,2023-10-28,Bangalore,C,Member,Male,Health and Beauty,83.07,1,Ewallet,3.0,83.07,4.15
INV-0302,2023-10-29,Bangalore,C,Normal,Male,Electronic accessories,88.75,4,Ewallet,3.9,355.0,17.75
INV-0303,2023-10-30,Bangalore,A,Member,Female,Fashion accessories,71.96,2,Cash,9.7,143.92,7.2
INV-0304,2023-10-31,Mumbai,C,Normal,Male,Sports and travel,61.25,1,Cash,9.6,61.25,3.06
INV-0305,2023-11-01,Bangalore,A,Normal,Male,Electronic accessories,24.49,7,Cash,1.2,171.43,8.57
INV-0306,2023-11-02,Mumbai,A,Member,Female,Food and beverages,52.02,4,Ewallet,7.2,208.08,10.4
INV-0307,2023-11-03,Mumbai,C,Normal,Male,Fashion accessories,41.07,6,Credit card,6.2,246.42,12.32
INV-0308,2023-11-04,Bangalore,C,Normal,Male,Electronic accessories,30.25,6,Cash,4.3,181.5,9.08
INV-0309,2023-11-05,Mumbai,B,Member,Male,Health and Beauty,63.33,2,Cash,5.9,126.66,6.33
INV-0310,2023-11-06,Delhi,A,Member,Male,Health and Beauty,38.1,5,Ewallet,9.7,190.5,9.52
INV-0311,2023-11-07,Mumbai,B,Normal,Male,Electronic accessories,92.47,5,Credit card,6.8,462.35,23.12
INV-0312,2023-11-08,Mumbai,C,Normal,Male,Health and Beauty,91.87,1,Ewallet,4.2,91.87,4.59
INV-0313,2023-11-09,Delhi,C,Normal,Female,Food and beverages,33.14,8,Credit card,6.5,265.12,13.26
INV-0314,2023-11-10,Mumbai,A,Member,Female,Home and lifestyle,19.98,8,Cash,8.3,159.84,7.99
INV-0315,2023-11-11,Bangalore,A,Normal,Male,Health and Beauty,27.37,6,Credit card,1.7,164.22,8.21
INV-0316,2023-11-12,Bangalore,B,Member,Female,Electronic accessories,54.96,5,Cash,6.7,274.8,13.74
INV-0317,2023-11-13,Bangalore,B,Member,Male,Fashion accessories,75.57,4,Credit card,6.8,302.28,15.11
INV-0318,2023-11-14,Mumbai,A,Member,Female,Food and beverages,28.74,8,Cash,3.2,229.92,11.5
INV-0319,2023-11-15,Delhi,C,Member,Male,Health and Beauty,32.32,6,Credit card,2.3,193.92,9.7
INV-0320,2023-11-16,Mumbai,B,Normal,Male,Sports and travel,86.65,1,Cash,8.7,86.65,4.33
INV-0321,2023-11-17,Mumbai,A,Normal,Female,Electronic accessories,47.43,8,Cash,7.0,379.44,18.97
INV-0322,2023-11-18,Delhi,C,Member,Female,Electronic accessories,65.5,1,Ewallet,1.7,65.5,3.28
INV-0323,2023-11-19,Delhi,C,Member,Female,Fashion accessories,31.03,9,Credit card,4.1,279.27,13.96
INV-0324,2023-11-20,Bangalore,A,Normal,Female,Sports and travel,19.18,8,Ewallet,8.7,153.44,7.67
INV-0325,2023-11-21,Delhi,B,Normal,Male,Home and lifestyle,56.43,8,Credit card,4.2,451.44,22.57
INV-0326,2023-11-22,Mumbai,C,Member,Male,Home and lifestyle,52.94,5,Credit card,2.9,264.7,13.24
INV-0327,2023-11-23,Mumbai,A,Normal,Female,Electronic accessories,23.74,2,Ewallet,4.4,47.48,2.37
INV-0328,2023-11-24,Delhi,A,Normal,Female,Home and lifestyle,65.96,6,Cash,3.1,395.76,19.79
INV-0329,2023-11-25,Mumbai,A,Normal,Female,Electronic accessories,58.96,1,Ewallet,5.6,58.96,2.95
INV-0330,2023-11-26,Delhi,B,Member,Female,Electronic accessories,68.87,3,Ewallet,6.0,206.61,10.33
INV-0331,2023-11-27,Mumbai,B,Normal,Female,Electronic accessories,23.01,4,Ewallet,8.5,92.04,4.6
INV-0332,2023-11-28,Mumbai,B,Normal,Male,Health and Beauty,77.64,8,Ewallet,3.5,621.12,31.06
INV-0333,2023-11-29,Mumbai,A,Member,Male,Sports and travel,29.98,8,Cash,4.9,239.84,11.99
INV-0334,2023-11-30,Delhi,C,Member,Male,Electronic accessories,56.74,8,Credit card,9.8,453.92,22.7
INV-0335,2023-12-01,Delhi,B,Member,Male,Electronic accessories,80.68,1,Credit card,5.5,80.68,4.03
INV-0336,2023-12-02,Delhi,B,Normal,Female,Electronic accessories,12.01,3,Cash,7.7,36.03,1.8
INV-0337,2023-12-03,Bangalore,C,Normal,Female,Fashion accessories,39.19,6,Credit card,1.5,235.14,11.76
INV-0338,2023-12-04,Delhi,A,Normal,Male,Fashion accessories,88.56,7,Credit card,2.0,619.92,31.0
INV-0339,2023-12-05,Delhi,C,Member,Male,Electronic accessories,86.02,3,Cash,8.3,258.06,12.9
INV-0340,2023-12-06,Mumbai,B,Member,Female,Sports and travel,58.46,4,Cash,8.1,233.84,11.69
INV-0341,2023-12-07,Mumbai,A,Member,Female,Fashion accessories,87.99,9,Ewallet,5.0,791.91,39.6
INV-0342,2023-12-08,Delhi,A,Normal,Female,Fashion accessories,95.48,6,Ewallet,9.6,572.88,28.64
INV-0343,2023-12-09,Bangalore,B,Normal,Female,Electronic accessories,84.38,2,Credit card,9.4,168.76,8.44
INV-0344,2023-12-10,Bangalore,C,Normal,Male,Health and Beauty,86.87,3,Credit card,4.9,260.61,13.03
INV-0345,2023-12-11,Delhi,B,Normal,Male,Health and Beauty,18.89,7,Ewallet,1.8,132.23,6.61
INV-0346,2023-12-12,Delhi,B,Normal,Male,Electronic accessories,68.62,6,Ewallet,9.1,411.72,20.59
INV-0347,2023-12-13,Mumbai,A,Normal,Male,Sports and travel,73.32,6,Credit card,3.8,439.92,22.0
INV-0348,2023-12-14,Mumbai,B,Normal,Male,Home and lifestyle,64.92,7,Ewallet,2.9,454.44,22.72
INV-0349,2023-12-15,Mumbai,A,Normal,Male,Sports and travel,81.97,9,Credit card,3.6,737.73,36.89
INV-0350,2023-12-16,Delhi,B,Member,Female,Food and beverages,13.11,3,Cash,7.1,39.33,1.97
INV-0351,2023-12-17,Mumbai,C,Normal,Male,Fashion accessories,79.32,8,Ewallet,7.8,634.56,31.73
INV-0352,2023-12-18,Bangalore,B,Normal,Male,Fashion accessories,75.86,3,Credit card,4.5,227.58,11.38
INV-0353,2023-12-19,Mumbai,B,Member,Male,Health and Beauty,33.37,7,Credit card,2.9,233.59,11.68
INV-0354,2023-12-20,Mumbai,B,Member,Female,Electronic accessories,33.14,5,Ewallet,4.9,165.7,8.28
INV-0355,2023-12-21,Delhi,C,Member,Male,Health and Beauty,66.91,2,Cash,4.3,133.82,6.69
INV-0356,2023-12-22,Bangalore,A,Member,Male,Sports and travel,41.08,8,Cash,9.4,328.64,16.43
INV-0357,2023-12-23,Bangalore,C,Normal,Female,Food and beverages,81.69,9,Ewallet,3.9,735.21,36.76
INV-0358,2023-12-24,Delhi,B,Member,Male,Food and beverages,50.15,8,Ewallet,3.2,401.2,20.06
INV-0359,2023-12-25,Bangalore,C,Member,Male,Food and beverages,80.45,5,Cash,6.8,402.25,20.11
INV-0360,2023-12-26,Bangalore,A,Member,Male,Home and lifestyle,99.14,8,Credit card,3.8,793.12,39.66
INV-0361,2023-12-27,Mumbai,A,Member,Male,Home and lifestyle,37.02,8,Ewallet,3.4,296.16,14.81
INV-0362,2023-12-28,Mumbai,B,Normal,Female,Electronic accessories,22.87,6,Credit card,7.1,137.22,6.86
INV-0363,2023-12-29,Bangalore,A,Normal,Female,Home and lifestyle,91.12,7,Credit card,7.5,637.84,31.89
INV-0364,2023-12-30,Mumbai,B,Normal,Female,Food and beverages,58.74,7,Cash,1.0,411.18,20.56
INV-0365,2023-12-31,Bangalore,B,Member,Male,Food and beverages,97.73,2,Cash,4.7,195.46,9.77
INV-0366,2024-01-01,Mumbai,C,Normal,Female,Electronic accessories,67.29,4,Ewallet,3.5,269.16,13.46
INV-0367,2024-01-02,Mumbai,C,Normal,Female,Electronic accessories,99.45,1,Credit card,5.3,99.45,4.97
INV-0368,2024-01-03,Bangalore,C,Normal,Female,Sports and travel,59.15,8,Cash,1.4,473.2,23.66
INV-0369,2024-01-04,Mumbai,A,Normal,Male,Health and Beauty,57.38,9,Credit card,5.3,516.42,25.82
INV-0370,2024-01-05,Mumbai,A,Normal,Male,Food and beverages,22.19,3,Cash,7.6,66.57,3.33
INV-0371,2024-01-06,Delhi,A,Normal,Male,Food and beverages,42.01,1,Ewallet,6.3,42.01,2.1
INV-0372,2024-01-07,Bangalore,C,Member,Male,Home and lifestyle,12.36,4,Credit card,1.5,49.44,2.47
INV-0373,2024-01-08,Bangalore,A,Normal,Male,Fashion accessories,24.44,5,Cash,1.8,122.2,6.11
INV-0374,2024-01-09,Delhi,A,Member,Male,Health and Beauty,77.11,8,Cash,7.4,616.88,30.84
INV-0375,2024-01-10,Delhi,A,Member,Female,Food and beverages,12.74,7,Credit card,8.5,89.18,4.46
INV-0376,2024-01-11,Delhi,B,Member,Male,Food and beverages,42.99,2,Credit card,1.5,85.98,4.3
INV-0377,2024-01-12,Delhi,C,Member,Male,Sports and travel,87.61,9,Credit card,4.8,788.49,39.42
INV-0378,2024-01-13,Bangalore,A,Member,Female,Electronic accessories,72.34,9,Ewallet,2.3,651.06,32.55
INV-0379,2024-01-14,Delhi,B,Normal,Female,Health and Beauty,72.18,1,Ewallet,5.2,72.18,3.61
INV-0380,2024-01-15,Bangalore,C,Normal,Female,Food and beverages,26.98,7,Credit card,4.0,188.86,9.44
INV-0381,2024-01-16,Bangalore,A,Normal,Female,Health and Beauty,49.77,1,Cash,8.4,49.77,2.49
INV-0382,2024-01-17,Delhi,A,Normal,Male,Sports and travel,62.34,8,Ewallet,8.3,498.72,24.94
INV-0383,2024-01-18,Delhi,C,Member,Male,Home and lifestyle,99.08,5,Credit card,6.2,495.4,24.77
INV-0384,2024-01-19,Bangalore,A,Normal,Male,Fashion accessories,28.35,7,Cash,7.7,198.45,9.92
INV-0385,2024-01-20,Bangalore,B,Member,Male,Health and Beauty,32.3,2,Ewallet,9.0,64.6,3.23
INV-0386,2024-01-21,Bangalore,A,Member,Male,Home and lifestyle,33.6,3,Credit card,8.5,100.8,5.04
INV-0387,2024-01-22,Delhi,C,Normal,Male,Fashion accessories,77.52,7,Ewallet,5.7,542.64,27.13
INV-0388,2024-01-23,Delhi,B,Normal,Male,Fashion accessories,51.13,4,Credit card,5.7,204.52,10.23
INV-0389,2024-01-24,Bangalore,A,Normal,Male,Food and beverages,15.12,3,Credit card,7.4,45.36,2.27
INV-0390,2024-01-25,Delhi,B,Member,Male,Electronic accessories,55.77,1,Cash,4.9,55.77,2.79
INV-0391,2024-01-26,Bangalore,A,Normal,Female,Fashion accessories,29.08,6,Ewallet,5.8,174.48,8.72
INV-0392,2024-01-27,Bangalore,C,Member,Female,Food and beverages,81.87,2,Cash,5.1,163.74,8.19
INV-0393,2024-01-28,Bangalore,A,Normal,Female,Health and Beauty,36.76,7,Ewallet,8.7,257.32,12.87
INV-0394,2024-01-29,Bangalore,A,Normal,Male,Fashion accessories,12.48,9,Credit card,8.6,112.32,5.62
INV-0395,2024-01-30,Mumbai,C,Member,Male,Electronic accessories,63.41,3,Ewallet,4.8,190.23,9.51
INV-0396,2024-01-31,Delhi,C,Normal,Female,Fashion accessories,85.95,7,Cash,4.8,601.65,30.08
INV-0397,2024-02-01,Delhi,A,Normal,Female,Sports and travel,44.29,7,Cash,1.0,310.03,15.5
INV-0398,2024-02-02,Mumbai,C,Member,Female,Health and Beauty,77.49,2,Credit card,1.2,154.98,7.75
INV-0399,2024-02-03,Mumbai,C,Member,Female,Electronic accessories,56.0,1,Ewallet,2.6,56.0,2.8
INV-0400,2024-02-04,Mumbai,C,Member,Female,Sports and travel,58.69,7,Cash,8.1,410.83,20.54
INV-0401,2024-02-05,Delhi,A,Normal,Female,Sports and travel,96.35,6,Cash,1.5,578.1,28.9
INV-0402,2024-02-06,Delhi,C,Normal,Male,Home and lifestyle,82.36,5,Ewallet,9.5,411.8,20.59
INV-0403,2024-02-07,Mumbai,A,Normal,Male,Health and Beauty,12.91,6,Credit card,5.8,77.46,3.87
INV-0404,2024-02-08,Mumbai,C,Member,Male,Home and lifestyle,73.84,9,Cash,2.2,664.56,33.23
INV-0405,2024-02-09,Bangalore,A,Normal,Female,Sports and travel,51.85,5,Ewallet,1.6,259.25,12.96
INV-0406,2024-02-10,Bangalore,B,Normal,Male,Food and beverages,95.28,7,Credit card,4.7,666.96,33.35
INV-0407,2024-02-11,Delhi,A,Member,Male,Electronic accessories,29.93,1,Cash,9.7,29.93,1.5
INV-0408,2024-02-12,Mumbai,B,Normal,Male,Health and Beauty,34.04,6,Credit card,3.5,204.24,10.21
INV-0409,2024-02-13,Delhi,C,Normal,Male,Fashion accessories,17.33,7,Cash,7.3,121.31,6.07
INV-0410,2024-02-14,Delhi,C,Member,Female,Sports and travel,48.58,8,Cash,6.7,388.64,19.43
INV-0411,2024-02-15,Mumbai,C,Member,Male,Food and beverages,19.81,6,Credit card,9.0,118.86,5.94
INV-0412,2024-02-16,Bangalore,A,Member,Female,Health and Beauty,67.04,1,Credit card,1.6,67.04,3.35
INV-0413,2024-02-17,Mumbai,A,Member,Female,Health and Beauty,82.27,5,Cash,6.0,411.35,20.57
INV-0414,2024-02-18,Bangalore,C,Member,Female,Food and beverages,72.71,1,Cash,7.1,72.71,3.64
INV-0415,2024-02-19,Bangalore,C,Member,Male,Sports and travel,78.96,7,Ewallet,9.7,552.72,27.64
INV-0416,2024-02-20,Bangalore,B,Member,Female,Health and Beauty,40.82,5,Ewallet,7.2,204.1,10.2
INV-0417,2024-02-21,Mumbai,B,Normal,Female,Home and lifestyle,86.13,5,Cash,1.5,430.65,21.53
INV-0418,2024-02-22,Bangalore,A,Normal,Male,Electronic accessories,48.59,1,Ewallet,10.0,48.59,2.43
INV-0419,2024-02-23,Bangalore,A,Member,Male,Electronic accessories,84.16,6,Credit card,9.0,504.96,25.25
INV-0420,2024-02-24,Mumbai,B,Normal,Female,Food and beverages,66.38,6,Ewallet,4.3,398.28,19.91
INV-0421,2024-02-25,Mumbai,B,Member,Female,Electronic accessories,22.91,2,Cash,4.8,45.82,2.29
INV-0422,2024-02-26,Delhi,A,Member,Male,Fashion accessories,17.05,1,Cash,2.7,17.05,0.85
INV-0423,2024-02-27,Delhi,C,Normal,Female,Food and beverages,11.65,6,Cash,3.0,69.9,3.5
INV-0424,2024-02-28,Bangalore,A,Normal,Male,Fashion accessories,16.01,6,Ewallet,5.8,96.06,4.8
INV-0425,2024-02-29,Mumbai,C,Normal,Male,Home and lifestyle,51.27,6,Ewallet,6.1,307.62,15.38
INV-0426,2024-03-01,Delhi,A,Member,Male,Home and lifestyle,20.2,1,Cash,6.2,20.2,1.01
INV-0427,2024-03-02,Mumbai,A,Normal,Female,Home and lifestyle,12.5,7,Credit card,5.9,87.5,4.38
INV-0428,2024-03-03,Delhi,C,Member,Female,Electronic accessories,77.94,1,Credit card,7.0,77.94,3.9
INV-0429,2024-03-04,Delhi,C,Normal,Male,Health and Beauty,45.54,2,Cash,4.4,91.08,4.55
INV-0430,2024-03-05,Mumbai,C,Normal,Male,Sports and travel,77.22,4,Credit card,9.8,308.88,15.44
INV-0431,2024-03-06,Delhi,A,Normal,Female,Food and beverages,50.72,8,Ewallet,3.2,405.76,20.29
INV-0432,2024-03-07,Bangalore,C,Normal,Female,Electronic accessories,50.51,7,Credit card,8.3,353.57,17.68
INV-0433,2024-03-08,Bangalore,A,Member,Female,Health and Beauty,53.03,1,Cash,4.0,53.03,2.65
INV-0434,2024-03-09,Bangalore,A,Normal,Female,Fashion accessories,52.66,7,Credit card,2.9,368.62,18.43
INV-0435,2024-03-10,Delhi,B,Member,Male,Sports and travel,82.28,6,Credit card,9.7,493.68,24.68
INV-0436,2024-03-11,Delhi,A,Member,Male,Home and lifestyle,46.22,2,Credit card,3.3,92.44,4.62
INV-0437,2024-03-12,Mumbai,B,Normal,Male,Sports and travel,91.42,8,Cash,9.8,731.36,36.57
INV-0438,2024-03-13,Bangalore,C,Normal,Male,Sports and travel,13.34,5,Ewallet,5.3,66.7,3.34
INV-0439,2024-03-14,Mumbai,C,Member,Female,Fashion accessories,79.65,8,Cash,1.2,637.2,31.86
INV-0440,2024-03-15,Delhi,B,Member,Female,Home and lifestyle,21.31,7,Cash,4.8,149.17,7.46
INV-0441,2024-03-16,Delhi,B,Normal,Female,Food and beverages,65.67,3,Ewallet,7.7,197.01,9.85
INV-0442,2024-03-17,Bangalore,A,Member,Male,Home and lifestyle,10.93,1,Ewallet,2.6,10.93,0.55
INV-0443,2024-03-18,Delhi,C,Member,Female,Sports and travel,58.48,6,Ewallet,4.1,350.88,17.54
INV-0444,2024-03-19,Delhi,C,Member,Male,Food and beverages,10.27,5,Cash,8.6,51.35,2.57
INV-0445,2024-03-20,Mumbai,A,Normal,Female,Home and lifestyle,95.61,9,Cash,7.0,860.49,43.02
INV-0446,2024-03-21,Bangalore,C,Member,Male,Home and lifestyle,91.49,3,Credit card,5.7,274.47,13.72
INV-0447,2024-03-22,Bangalore,A,Normal,Male,Food and beverages,81.64,7,Ewallet,6.5,571.48,28.57
INV-0448,2024-03-23,Bangalore,B,Normal,Male,Home and lifestyle,92.37,9,Credit card,8.0,831.33,41.57
INV-0449,2024-03-24,Bangalore,B,Normal,Male,Electronic accessories,23.1,2,Ewallet,9.6,46.2,2.31
INV-0450,2024-03-25,Delhi,C,Normal,Male,Home and lifestyle,24.2,9,Credit card,9.2,217.8,10.89
INV-0451,2024-03-26,Mumbai,B,Normal,Female,Food and beverages,26.89,4,Cash,2.5,107.56,5.38
INV-0452,2024-03-27,Bangalore,C,Normal,Female,Health and Beauty,66.02,8,Ewallet,9.8,528.16,26.41
INV-0453,2024-03-28,Mumbai,B,Normal,Female,Fashion accessories,91.52,7,Ewallet,8.7,640.64,32.03
INV-0454,2024-03-29,Mumbai,C,Member,Female,Electronic accessories,99.1,6,Ewallet,7.0,594.6,29.73
INV-0455,2024-03-30,Bangalore,B,Normal,Female,Food and beverages,74.0,7,Cash,7.2,518.0,25.9
INV-0456,2024-03-31,Delhi,C,Member,Male,Food and beverages,75.86,1,Cash,10.0,75.86,3.79
INV-0457,2024-04-01,Delhi,A,Normal,Female,Health and Beauty,91.84,3,Credit card,2.7,275.52,13.78
INV-0458,2024-04-02,Bangalore,B,Member,Male,Electronic accessories,46.08,2,Cash,1.5,92.16,4.61
INV-0459,2024-04-03,Mumbai,A,Normal,Female,Fashion accessories,32.49,7,Cash,6.7,227.43,11.37
INV-0460,2024-04-04,Bangalore,B,Member,Female,Health and Beauty,25.61,5,Cash,9.5,128.05,6.4
INV-0461,2024-04-05,Delhi,C,Member,Male,Health and Beauty,20.75,7,Cash,8.9,145.25,7.26
INV-0462,2024-04-06,Bangalore,C,Member,Female,Home and lifestyle,83.13,4,Ewallet,3.3,332.52,16.63
INV-0463,2024-04-07,Delhi,A,Member,Male,Fashion accessories,23.21,7,Credit card,9.6,162.47,8.12
INV-0464,2024-04-08,Bangalore,C,Member,Female,Fashion accessories,33.79,1,Cash,1.2,33.79,1.69
INV-0465,2024-04-09,Mumbai,B,Member,Female,Health and Beauty,83.72,3,Cash,8.3,251.16,12.56
INV-0466,2024-04-10,Mumbai,C,Normal,Male,Fashion accessories,37.95,3,Credit card,2.6,113.85,5.69
INV-0467,2024-04-11,Delhi,B,Normal,Male,Home and lifestyle,98.42,8,Credit card,1.9,787.36,39.37
INV-0468,2024-04-12,Bangalore,A,Normal,Male,Electronic accessories,34.0,5,Cash,2.6,170.0,8.5
INV-0469,2024-04-13,Delhi,C,Member,Male,Food and beverages,58.03,2,Credit card,6.4,116.06,5.8
INV-0470,2024-04-14,Delhi,C,Normal,Male,Health and Beauty,38.3,3,Ewallet,8.7,114.9,5.75
INV-0471,2024-04-15,Delhi,B,Normal,Female,Electronic accessories,91.97,7,Credit card,2.6,643.79,32.19
INV-0472,2024-04-16,Mumbai,A,Member,Male,Sports and travel,42.99,3,Cash,8.5,128.97,6.45
INV-0473,2024-04-17,Delhi,C,Normal,Male,Food and beverages,49.02,1,Ewallet,4.0,49.02,2.45
INV-0474,2024-04-18,Bangalore,A,Member,Male,Health and Beauty,56.11,8,Cash,6.5,448.88,22.44
INV-0475,2024-04-19,Mumbai,B,Member,Female,Sports and travel,94.5,6,Cash,8.7,567.0,28.35
INV-0476,2024-04-20,Mumbai,C,Member,Female,Food and beverages,12.79,9,Ewallet,3.1,115.11,5.76
INV-0477,2024-04-21,Delhi,A,Normal,Female,Sports and travel,74.52,5,Ewallet,8.3,372.6,18.63
INV-0478,2024-04-22,Bangalore,A,Normal,Female,Food and beverages,90.19,2,Ewallet,7.4,180.38,9.02
INV-0479,2024-04-23,Bangalore,C,Member,Male,Home and lifestyle,12.46,3,Cash,4.4,37.38,1.87
INV-0480,2024-04-24,Delhi,B,Member,Male,Home and lifestyle,56.98,9,Cash,9.3,512.82,25.64
INV-0481,2024-04-25,Bangalore,C,Normal,Female,Home and lifestyle,39.34,8,Cash,7.6,314.72,15.74
INV-0482,2024-04-26,Mumbai,C,Normal,Female,Fashion accessories,87.35,9,Credit card,3.9,786.15,39.31
INV-0483,2024-04-27,Delhi,A,Normal,Female,Sports and travel,60.27,3,Credit card,1.4,180.81,9.04
INV-0484,2024-04-28,Delhi,A,Normal,Male,Food and beverages,72.12,7,Credit card,5.7,504.84,25.24
INV-0485,2024-04-29,Mumbai,B,Member,Male,Fashion accessories,50.76,3,Credit card,8.6,152.28,7.61
INV-0486,2024-04-30,Delhi,A,Member,Male,Food and beverages,66.55,3,Ewallet,9.0,199.65,9.98
INV-0487,2024-05-01,Mumbai,A,Normal,Male,Health and Beauty,36.11,3,Credit card,6.1,108.33,5.42
INV-0488,2024-05-02,Bangalore,A,Normal,Male,Home and lifestyle,10.84,1,Ewallet,6.9,10.84,0.54
INV-0489,2024-05-03,Delhi,C,Member,Male,Sports and travel,61.91,8,Cash,6.9,495.28,24.76
INV-0490,2024-05-04,Mumbai,A,Member,Male,Fashion accessories,38.03,2,Ewallet,2.6,76.06,3.8
INV-0491,2024-05-05,Bangalore,B,Normal,Female,Health and Beauty,56.55,2,Cash,9.1,113.1,5.66
INV-0492,2024-05-06,Bangalore,C,Member,Female,Health and Beauty,92.48,2,Credit card,8.9,184.96,9.25
INV-0493,2024-05-07,Mumbai,A,Member,Male,Fashion accessories,48.38,5,Credit card,7.6,241.9,12.1
INV-0494,2024-05-08,Delhi,C,Member,Male,Fashion accessories,32.27,2,Ewallet,7.5,64.54,3.23
INV-0495,2024-05-09,Delhi,A,Member,Male,Food and beverages,43.42,1,Credit card,3.5,43.42,2.17
INV-0496,2024-05-10,Delhi,A,Normal,Female,Electronic accessories,93.87,6,Credit card,4.7,563.22,28.16
INV-0497,2024-05-11,Delhi,A,Normal,Female,Sports and travel,94.32,1,Credit card,2.8,94.32,4.72
INV-0498,2024-05-12,Mumbai,C,Member,Female,Fashion accessories,85.99,5,Cash,8.1,429.95,21.5
INV-0499,2024-05-13,Bangalore,B,Normal,Male,Electronic accessories,92.82,2,Cash,9.2,185.64,9.28
INV-0500,2024-05-14,Bangalore,C,Member,Male,Electronic accessories,30.51,6,Cash,8.2,183.06,9.15
INV-0501,2024-05-15,Delhi,B,Member,Female,Fashion accessories,17.87,4,Ewallet,2.6,71.48,3.57
INV-0502,2024-05-16,Delhi,B,Normal,Male,Food and beverages,30.46,1,Credit card,2.7,30.46,1.52
INV-0503,2024-05-17,Bangalore,B,Normal,Female,Electronic accessories,38.29,8,Ewallet,6.7,306.32,15.32
INV-0504,2024-05-18,Bangalore,C,Member,Female,Sports and travel,25.73,1,Ewallet,1.1,25.73,1.29
INV-0505,2024-05-19,Mumbai,A,Normal,Male,Fashion accessories,64.64,9,Ewallet,1.8,581.76,29.09
INV-0506,2024-05-20,Bangalore,A,Normal,Male,Fashion accessories,47.22,1,Cash,6.6,47.22,2.36
INV-0507,2024-05-21,Delhi,C,Member,Female,Electronic accessories,83.47,6,Credit card,4.9,500.82,25.04
INV-0508,2024-05-22,Mumbai,B,Member,Male,Electronic accessories,26.66,1,Ewallet,2.6,26.66,1.33
INV-0509,2024-05-23,Mumbai,A,Normal,Male,Health and Beauty,73.17,5,Ewallet,6.7,365.85,18.29
INV-0510,2024-05-24,Mumbai,C,Member,Female,Health and Beauty,31.63,5,Cash,3.6,158.15,7.91
INV-0511,2024-05-25,Bangalore,A,Normal,Female,Fashion accessories,61.68,7,Credit card,8.8,431.76,21.59
INV-0512,2024-05-26,Mumbai,C,Normal,Female,Food and beverages,41.41,8,Cash,6.5,331.28,16.56
INV-0513,2024-05-27,Mumbai,B,Member,Female,Sports and travel,15.13,3,Ewallet,5.2,45.39,2.27
INV-0514,2024-05-28,Bangalore,C,Normal,Female,Food and beverages,30.59,3,Credit card,6.2,91.77,4.59
INV-0515,2024-05-29,Delhi,A,Normal,Male,Health and Beauty,69.77,5,Cash,8.3,348.85,17.44
INV-0516,2024-05-30,Delhi,C,Normal,Female,Sports and travel,54.75,3,Cash,9.6,164.25,8.21
INV-0517,2024-05-31,Mumbai,B,Member,Male,Food and beverages,56.71,4,Ewallet,3.3,226.84,11.34
INV-0518,2024-06-01,Delhi,A,Normal,Female,Food and beverages,25.72,1,Credit card,4.6,25.72,1.29
INV-0519,2024-06-02,Bangalore,B,Normal,Male,Home and lifestyle,61.36,3,Cash,9.0,184.08,9.2
INV-0520,2024-06-03,Bangalore,A,Member,Female,Health and Beauty,99.71,7,Ewallet,3.4,697.97,34.9
INV-0521,2024-06-04,Bangalore,B,Member,Male,Food and beverages,83.52,1,Ewallet,7.1,83.52,4.18
INV-0522,2024-06-05,Mumbai,B,Normal,Female,Health and Beauty,63.49,6,Ewallet,4.4,380.94,19.05
INV-0523,2024-06-06,Delhi,A,Normal,Female,Home and lifestyle,97.84,2,Credit card,2.2,195.68,9.78
INV-0524,2024-06-07,Bangalore,C,Normal,Female,Food and beverages,91.14,7,Cash,1.7,637.98,31.9
INV-0525,2024-06-08,Delhi,A,Member,Male,Sports and travel,63.6,3,Ewallet,7.3,190.8,9.54
INV-0526,2024-06-09,Bangalore,B,Member,Female,Food and beverages,12.92,6,Cash,5.5,77.52,3.88
INV-0527,2024-06-10,Mumbai,A,Member,Female,Sports and travel,18.42,1,Ewallet,8.5,18.42,0.92
INV-0528,2024-06-11,Bangalore,B,Member,Female,Food and beverages,15.88,2,Ewallet,6.9,31.76,1.59
INV-0529,2024-06-12,Delhi,B,Member,Female,Fashion accessories,50.66,2,Credit card,1.4,101.32,5.07
INV-0530,2024-06-13,Delhi,B,Normal,Male,Health and Beauty,43.79,4,Ewallet,2.4,175.16,8.76
INV-0531,2024-06-14,Delhi,B,Member,Male,Sports and travel,97.78,6,Credit card,9.3,586.68,29.33
INV-0532,2024-06-15,Bangalore,A,Member,Male,Electronic accessories,25.12,7,Ewallet,6.7,175.84,8.79
INV-0533,2024-06-16,Delhi,B,Normal,Male,Electronic accessories,97.55,8,Credit card,6.2,780.4,39.02
INV-0534,2024-06-17,Delhi,C,Member,Male,Health and Beauty,79.07,7,Credit card,2.9,553.49,27.67
INV-0535,2024-06-18,Delhi,B,Member,Male,Sports and travel,84.18,8,Ewallet,1.2,673.44,33.67
INV-0536,2024-06-19,Mumbai,C,Member,Female,Sports and travel,66.94,7,Ewallet,9.4,468.58,23.43
INV-0537,2024-06-20,Delhi,B,Normal,Female,Sports and travel,70.19,8,Cash,5.1,561.52,28.08
INV-0538,2024-06-21,Mumbai,A,Normal,Male,Fashion accessories,52.92,8,Ewallet,9.2,423.36,21.17
INV-0539,2024-06-22,Bangalore,B,Normal,Male,Home and lifestyle,11.18,3,Credit card,1.0,33.54,1.68
INV-0540,2024-06-23,Delhi,C,Normal,Male,Home and lifestyle,41.77,1,Ewallet,6.3,41.77,2.09
INV-0541,2024-06-24,Mumbai,B,Normal,Male,Home and lifestyle,54.29,5,Credit card,7.7,271.45,13.57
INV-0542,2024-06-25,Delhi,A,Member,Male,Fashion accessories,75.71,5,Cash,4.7,378.55,18.93
INV-0543,2024-06-26,Mumbai,C,Normal,Male,Fashion accessories,52.18,5,Ewallet,5.3,260.9,13.04
INV-0544,2024-06-27,Delhi,A,Member,Male,Sports and travel,51.17,2,Ewallet,7.6,102.34,5.12
INV-0545,2024-06-28,Bangalore,B,Normal,Female,Fashion accessories,22.39,6,Credit card,2.0,134.34,6.72
INV-0546,2024-06-29,Bangalore,C,Member,Female,Health and Beauty,10.98,7,Cash,7.6,76.86,3.84
INV-0547,2024-06-30,Bangalore,C,Member,Female,Electronic accessories,78.25,3,Ewallet,5.1,234.75,11.74
INV-0548,2024-07-01,Delhi,B,Member,Female,Electronic accessories,38.8,1,Credit card,8.9,38.8,1.94
INV-0549,2024-07-02,Mumbai,A,Normal,Male,Health and Beauty,98.59,3,Ewallet,7.1,295.77,14.79
INV-0550,2024-07-03,Delhi,C,Normal,Female,Electronic accessories,29.82,4,Credit card,1.5,119.28,5.96
INV-0551,2024-07-04,Mumbai,B,Member,Female,Fashion accessories,40.48,9,Cash,2.4,364.32,18.22
INV-0552,2024-07-05,Mumbai,B,Member,Male,Sports and travel,57.15,9,Ewallet,6.6,514.35,25.72
INV-0553,2024-07-06,Delhi,A,Normal,Female,Electronic accessories,77.94,5,Ewallet,6.2,389.7,19.48
INV-0554,2024-07-07,Mumbai,B,Normal,Male,Sports and travel,51.75,9,Credit card,2.6,465.75,23.29
INV-0555,2024-07-08,Bangalore,C,Member,Male,Electronic accessories,21.23,3,Ewallet,2.0,63.69,3.18
INV-0556,2024-07-09,Bangalore,B,Member,Female,Electronic accessories,38.13,7,Cash,8.8,266.91,13.35
INV-0557,2024-07-10,Mumbai,B,Member,Female,Food and beverages,55.41,5,Ewallet,3.5,277.05,13.85
INV-0558,2024-07-11,Bangalore,B,Normal,Female,Home and lifestyle,70.65,7,Credit card,9.6,494.55,24.73
INV-0559,2024-07-12,Mumbai,B,Member,Female,Sports and travel,79.31,5,Cash,8.3,396.55,19.83
INV-0560,2024-07-13,Bangalore,C,Member,Female,Sports and travel,21.73,6,Credit card,1.3,130.38,6.52
INV-0561,2024-07-14,Delhi,B,Normal,Male,Food and beverages,12.06,8,Cash,4.6,96.48,4.82
INV-0562,2024-07-15,Delhi,B,Normal,Male,Fashion accessories,56.72,1,Ewallet,1.0,56.72,2.84
INV-0563,2024-07-16,Mumbai,A,Member,Female,Health and Beauty,82.9,6,Ewallet,2.6,497.4,24.87
INV-0564,2024-07-17,Delhi,B,Member,Male,Health and Beauty,11.13,6,Ewallet,5.2,66.78,3.34
INV-0565,2024-07-18,Mumbai,B,Normal,Female,Fashion accessories,70.52,4,Ewallet,2.1,282.08,14.1
INV-0566,2024-07-19,Delhi,A,Member,Male,Health and Beauty,71.81,9,Cash,1.2,646.29,32.31
INV-0567,2024-07-20,Mumbai,C,Member,Female,Electronic accessories,50.43,3,Ewallet,1.4,151.29,7.56
INV-0568,2024-07-21,Bangalore,B,Normal,Female,Food and beverages,92.33,1,Ewallet,9.1,92.33,4.62
INV-0569,2024-07-22,Delhi,A,Member,Female,Electronic accessories,67.99,6,Ewallet,8.0,407.94,20.4
INV-0570,2024-07-23,Mumbai,B,Member,Female,Health and Beauty,10.47,4,Credit card,9.8,41.88,2.09
INV-0571,2024-07-24,Mumbai,A,Member,Female,Sports and travel,53.6,9,Ewallet,7.7,482.4,24.12
INV-0572,2024-07-25,Delhi,C,Member,Female,Sports and travel,87.34,9,Cash,4.7,786.06,39.3
INV-0573,2024-07-26,Bangalore,C,Normal,Male,Fashion accessories,84.74,6,Cash,7.7,508.44,25.42
INV-0574,2024-07-27,Mumbai,B,Normal,Female,Home and lifestyle,68.42,9,Credit card,4.4,615.78,30.79
INV-0575,2024-07-28,Mumbai,B,Normal,Male,Home and lifestyle,70.63,8,Credit card,5.5,565.04,28.25
INV-0576,2024-07-29,Delhi,C,Member,Male,Electronic accessories,62.06,5,Credit card,1.4,310.3,15.52
INV-0577,2024-07-30,Delhi,C,Normal,Female,Electronic accessories,34.67,6,Ewallet,3.8,208.02,10.4
INV-0578,2024-07-31,Delhi,C,Member,Male,Home and lifestyle,60.45,6,Credit card,9.8,362.7,18.14
INV-0579,2024-08-01,Delhi,A,Normal,Female,Food and beverages,70.46,1,Cash,2.9,70.46,3.52
INV-0580,2024-08-02,Mumbai,B,Normal,Female,Health and Beauty,41.72,8,Credit card,1.1,333.76,16.69
INV-0581,2024-08-03,Mumbai,B,Normal,Male,Health and Beauty,87.02,2,Cash,6.4,174.04,8.7
INV-0582,2024-08-04,Delhi,B,Member,Male,Sports and travel,27.55,5,Cash,3.3,137.75,6.89
INV-0583,2024-08-05,Bangalore,C,Member,Female,Home and lifestyle,77.26,5,Credit card,7.7,386.3,19.32
INV-0584,2024-08-06,Delhi,B,Normal,Male,Electronic accessories,36.06,9,Cash,3.2,324.54,16.23
INV-0585,2024-08-07,Mumbai,B,Normal,Male,Electronic accessories,79.64,3,Ewallet,4.8,238.92,11.95
INV-0586,2024-08-08,Mumbai,C,Normal,Female,Electronic accessories,48.5,3,Ewallet,5.1,145.5,7.28
INV-0587,2024-08-09,Delhi,B,Normal,Male,Sports and travel,82.69,7,Ewallet,8.6,578.83,28.94
INV-0588,2024-08-10,Bangalore,C,Normal,Female,Food and beverages,41.82,8,Ewallet,9.2,334.56,16.73
INV-0589,2024-08-11,Bangalore,C,Member,Female,Food and beverages,29.23,2,Ewallet,6.7,58.46,2.92
INV-0590,2024-08-12,Delhi,C,Normal,Male,Home and lifestyle,79.06,6,Ewallet,2.3,474.36,23.72
INV-0591,2024-08-13,Delhi,C,Member,Male,Electronic accessories,37.78,4,Cash,5.9,151.12,7.56
INV-0592,2024-08-14,Delhi,A,Member,Female,Home and lifestyle,75.99,9,Credit card,8.2,683.91,34.2
INV-0593,2024-08-15,Delhi,A,Member,Female,Electronic accessories,77.0,5,Ewallet,1.9,385.0,19.25
INV-0594,2024-08-16,Delhi,B,Normal,Male,Home and lifestyle,29.93,1,Ewallet,1.4,29.93,1.5
INV-0595,2024-08-17,Bangalore,C,Member,Male,Sports and travel,29.27,5,Ewallet,2.5,146.35,7.32
INV-0596,2024-08-18,Delhi,A,Normal,Male,Food and beverages,27.91,1,Ewallet,5.7,27.91,1.4
INV-0597,2024-08-19,Delhi,C,Normal,Female,Food and beverages,22.83,6,Cash,5.1,136.98,6.85
INV-0598,2024-08-20,Bangalore,A,Normal,Female,Sports and travel,43.94,8,Ewallet,1.8,351.52,17.58
INV-0599,2024-08-21,Bangalore,C,Member,Female,Fashion accessories,12.4,6,Ewallet,2.8,74.4,3.72
INV-0600,2024-08-22,Bangalore,B,Normal,Male,Home and lifestyle,19.98,6,Credit card,8.4,119.88,5.99
INV-0601,2024-08-23,Bangalore,B,Normal,Female,Food and beverages,70.71,8,Cash,3.1,565.68,28.28
INV-0602,2024-08-24,Bangalore,B,Normal,Male,Home and lifestyle,81.98,3,Credit card,6.3,245.94,12.3
INV-0603,2024-08-25,Mumbai,B,Normal,Male,Food and beverages,17.25,5,Ewallet,1.8,86.25,4.31
INV-0604,2024-08-26,Mumbai,A,Normal,Male,Home and lifestyle,30.85,3,Cash,9.3,92.55,4.63
INV-0605,2024-08-27,Delhi,B,Member,Male,Health and Beauty,28.69,5,Cash,7.3,143.45,7.17
INV-0606,2024-08-28,Mumbai,A,Member,Male,Food and beverages,92.56,1,Credit card,4.7,92.56,4.63
INV-0607,2024-08-29,Delhi,A,Normal,Female,Health and Beauty,74.02,6,Ewallet,8.5,444.12,22.21
INV-0608,2024-08-30,Bangalore,B,Normal,Female,Home and lifestyle,59.85,4,Ewallet,5.6,239.4,11.97
INV-0609,2024-08-31,Mumbai,C,Normal,Female,Food and beverages,37.41,8,Credit card,9.7,299.28,14.96
INV-0610,2024-09-01,Bangalore,C,Member,Female,Food and beverages,85.14,5,Credit card,6.7,425.7,21.28
INV-0611,2024-09-02,Bangalore,A,Normal,Male,Sports and travel,49.18,7,Cash,2.2,344.26,17.21
INV-0612,2024-09-03,Mumbai,B,Member,Male,Fashion accessories,93.11,1,Ewallet,4.5,93.11,4.66
INV-0613,2024-09-04,Mumbai,C,Member,Male,Home and lifestyle,73.54,1,Ewallet,9.5,73.54,3.68
INV-0614,2024-09-05,Mumbai,C,Member,Male,Home and lifestyle,53.02,5,Ewallet,10.0,265.1,13.26
INV-0615,2024-09-06,Mumbai,A,Member,Male,Health and Beauty,21.36,2,Ewallet,2.4,42.72,2.14
INV-0616,2024-09-07,Delhi,A,Normal,Male,Electronic accessories,97.84,4,Credit card,3.6,391.36,19.57
INV-0617,2024-09-08,Bangalore,A,Member,Male,Home and lifestyle,24.39,5,Credit card,1.9,121.95,6.1
INV-0618,2024-09-09,Mumbai,A,Member,Male,Sports and travel,28.23,2,Ewallet,6.8,56.46,2.82
INV-0619,2024-09-10,Bangalore,A,Normal,Male,Electronic accessories,48.81,7,Ewallet,5.9,341.67,17.08
INV-0620,2024-09-11,Delhi,B,Normal,Female,Electronic accessories,46.38,4,Cash,9.0,185.52,9.28
INV-0621,2024-09-12,Delhi,A,Member,Female,Fashion accessories,23.21,3,Credit card,7.3,69.63,3.48
INV-0622,2024-09-13,Bangalore,C,Member,Female,Health and Beauty,75.64,5,Credit card,8.0,378.2,18.91
INV-0623,2024-09-14,Delhi,A,Member,Female,Sports and travel,26.99,3,Ewallet,5.2,80.97,4.05
INV-0624,2024-09-15,Mumbai,B,Member,Male,Health and Beauty,67.95,7,Cash,4.2,475.65,23.78
INV-0625,2024-09-16,Mumbai,C,Normal,Male,Home and lifestyle,77.89,8,Cash,3.7,623.12,31.16
INV-0626,2024-09-17,Mumbai,B,Member,Female,Sports and travel,28.97,2,Ewallet,5.9,57.94,2.9
INV-0627,2024-09-18,Mumbai,C,Member,Male,Electronic accessories,64.09,1,Credit card,7.6,64.09,3.2
INV-0628,2024-09-19,Delhi,B,Normal,Male,Home and lifestyle,77.4,1,Cash,5.5,77.4,3.87
INV-0629,2024-09-20,Mumbai,A,Normal,Female,Electronic accessories,67.44,9,Cash,1.1,606.96,30.35
INV-0630,2024-09-21,Mumbai,A,Normal,Male,Home and lifestyle,63.74,6,Cash,6.3,382.44,19.12
INV-0631,2024-09-22,Mumbai,A,Member,Female,Home and lifestyle,36.59,3,Ewallet,8.4,109.77,5.49
INV-0632,2024-09-23,Delhi,B,Normal,Female,Electronic accessories,75.84,8,Ewallet,7.8,606.72,30.34
INV-0633,2024-09-24,Mumbai,A,Normal,Female,Home and lifestyle,95.08,6,Ewallet,2.7,570.48,28.52
INV-0634,2024-09-25,Delhi,A,Normal,Female,Fashion accessories,48.3,6,Cash,4.2,289.8,14.49
INV-0635,2024-09-26,Bangalore,B,Member,Female,Sports and travel,80.4,8,Ewallet,5.5,643.2,32.16
INV-0636,2024-09-27,Bangalore,C,Normal,Male,Electronic accessories,15.05,3,Credit card,6.0,45.15,2.26
INV-0637,2024-09-28,Mumbai,B,Member,Female,Sports and travel,85.17,1,Credit card,6.5,85.17,4.26
INV-0638,2024-09-29,Bangalore,C,Member,Male,Fashion accessories,27.3,9,Ewallet,4.9,245.7,12.28
INV-0639,2024-09-30,Mumbai,A,Member,Male,Health and Beauty,45.56,4,Cash,8.9,182.24,9.11
INV-0640,2024-10-01,Mumbai,C,Member,Male,Sports and travel,37.01,3,Ewallet,4.3,111.03,5.55
INV-0641,2024-10-02,Delhi,B,Normal,Male,Health and Beauty,17.21,8,Cash,8.8,137.68,6.88
INV-0642,2024-10-03,Mumbai,A,Normal,Male,Food and beverages,91.42,9,Cash,3.3,822.78,41.14
INV-0643,2024-10-04,Mumbai,C,Member,Female,Sports and travel,43.31,4,Ewallet,10.0,173.24,8.66
INV-0644,2024-10-05,Mumbai,C,Normal,Female,Home and lifestyle,57.76,6,Cash,2.4,346.56,17.33
INV-0645,2024-10-06,Mumbai,B,Normal,Female,Health and Beauty,54.47,1,Cash,5.8,54.47,2.72
INV-0646,2024-10-07,Mumbai,B,Normal,Female,Home and lifestyle,21.89,7,Cash,6.1,153.23,7.66
INV-0647,2024-10-08,Delhi,C,Normal,Male,Sports and travel,28.58,1,Cash,2.9,28.58,1.43
INV-0648,2024-10-09,Mumbai,A,Member,Male,Fashion accessories,16.86,9,Cash,2.8,151.74,7.59
INV-0649,2024-10-10,Mumbai,B,Normal,Female,Health and Beauty,55.71,2,Credit card,6.1,111.42,5.57
INV-0650,2024-10-11,Delhi,C,Member,Female,Health and Beauty,33.54,7,Credit card,3.6,234.78,11.74
INV-0651,2024-10-12,Mumbai,B,Normal,Female,Home and lifestyle,42.14,4,Ewallet,9.6,168.56,8.43
INV-0652,2024-10-13,Delhi,B,Member,Female,Health and Beauty,19.73,5,Cash,9.3,98.65,4.93
INV-0653,2024-10-14,Delhi,B,Normal,Male,Food and beverages,80.88,9,Cash,2.8,727.92,36.4
INV-0654,2024-10-15,Mumbai,B,Normal,Female,Home and lifestyle,19.59,8,Credit card,5.1,156.72,7.84
INV-0655,2024-10-16,Mumbai,C,Member,Female,Fashion accessories,98.71,6,Cash,6.4,592.26,29.61
INV-0656,2024-10-17,Mumbai,C,Member,Male,Electronic accessories,25.94,6,Credit card,6.7,155.64,7.78
INV-0657,2024-10-18,Delhi,C,Normal,Female,Sports and travel,61.52,3,Ewallet,4.2,184.56,9.23
INV-0658,2024-10-19,Delhi,B,Normal,Male,Fashion accessories,14.04,1,Cash,8.5,14.04,0.7
INV-0659,2024-10-20,Bangalore,A,Normal,Male,Home and lifestyle,80.84,7,Credit card,5.3,565.88,28.29
INV-0660,2024-10-21,Delhi,B,Normal,Male,Sports and travel,27.06,1,Ewallet,5.0,27.06,1.35
INV-0661,2024-10-22,Mumbai,C,Member,Male,Fashion accessories,57.51,7,Cash,2.1,402.57,20.13
INV-0662,2024-10-23,Mumbai,C,Member,Female,Electronic accessories,76.61,5,Ewallet,6.4,383.05,19.15
INV-0663,2024-10-24,Mumbai,B,Member,Male,Sports and travel,23.49,6,Cash,5.9,140.94,7.05
INV-0664,2024-10-25,Mumbai,A,Normal,Female,Home and lifestyle,59.6,6,Ewallet,2.0,357.6,17.88
INV-0665,2024-10-26,Mumbai,C,Member,Male,Sports and travel,29.5,3,Cash,4.2,88.5,4.42
INV-0666,2024-10-27,Bangalore,C,Normal,Male,Food and beverages,78.33,1,Credit card,9.1,78.33,3.92
INV-0667,2024-10-28,Mumbai,B,Member,Male,Fashion accessories,75.06,7,Credit card,6.2,525.42,26.27
INV-0668,2024-10-29,Bangalore,B,Normal,Female,Fashion accessories,25.89,3,Ewallet,8.1,77.67,3.88
INV-0669,2024-10-30,Delhi,A,Normal,Male,Food and beverages,87.58,1,Cash,4.6,87.58,4.38
INV-0670,2024-10-31,Delhi,C,Member,Male,Electronic accessories,11.78,3,Cash,9.9,35.34,1.77
INV-0671,2024-11-01,Mumbai,C,Normal,Female,Fashion accessories,87.42,1,Ewallet,1.5,87.42,4.37
INV-0672,2024-11-02,Delhi,A,Member,Male,Food and beverages,60.3,8,Ewallet,2.2,482.4,24.12
INV-0673,2024-11-03,Bangalore,A,Member,Female,Food and beverages,46.29,6,Cash,1.1,277.74,13.89
INV-0674,2024-11-04,Delhi,C,Normal,Female,Fashion accessories,78.29,5,Cash,9.7,391.45,19.57
INV-0675,2024-11-05,Bangalore,A,Normal,Male,Fashion accessories,74.52,3,Cash,9.6,223.56,11.18
INV-0676,2024-11-06,Bangalore,A,Member,Male,Home and lifestyle,98.86,4,Ewallet,7.2,395.44,19.77
INV-0677,2024-11-07,Delhi,B,Member,Female,Fashion accessories,35.03,8,Ewallet,6.3,280.24,14.01
INV-0678,2024-11-08,Mumbai,C,Normal,Female,Home and lifestyle,10.34,5,Cash,7.1,51.7,2.59
INV-0679,2024-11-09,Bangalore,C,Member,Female,Electronic accessories,94.05,4,Cash,5.2,376.2,18.81
INV-0680,2024-11-10,Bangalore,B,Normal,Male,Health and Beauty,87.21,5,Cash,7.1,436.05,21.8
INV-0681,2024-11-11,Bangalore,B,Member,Female,Sports and travel,75.6,5,Cash,7.6,378.0,18.9
INV-0682,2024-11-12,Delhi,B,Member,Female,Health and Beauty,56.5,8,Credit card,3.3,452.0,22.6
INV-0683,2024-11-13,Mumbai,B,Normal,Male,Fashion accessories,73.63,5,Ewallet,9.8,368.15,18.41
INV-0684,2024-11-14,Mumbai,A,Member,Male,Food and beverages,80.25,6,Credit card,4.8,481.5,24.08
INV-0685,2024-11-15,Mumbai,C,Normal,Female,Home and lifestyle,43.74,8,Credit card,7.0,349.92,17.5
INV-0686,2024-11-16,Delhi,B,Normal,Male,Food and beverages,79.33,4,Cash,3.7,317.32,15.87
INV-0687,2024-11-17,Delhi,B,Member,Female,Sports and travel,77.56,1,Credit card,3.5,77.56,3.88
INV-0688,2024-11-18,Delhi,B,Member,Male,Food and beverages,65.19,3,Ewallet,5.7,195.57,9.78
INV-0689,2024-11-19,Bangalore,B,Normal,Female,Home and lifestyle,46.17,2,Ewallet,7.2,92.34,4.62
INV-0690,2024-11-20,Mumbai,C,Member,Female,Health and Beauty,72.76,5,Cash,4.9,363.8,18.19
INV-0691,2024-11-21,Bangalore,B,Normal,Male,Food and beverages,10.28,5,Cash,3.0,51.4,2.57
INV-0692,2024-11-22,Bangalore,C,Normal,Female,Food and beverages,79.74,4,Credit card,5.4,318.96,15.95
INV-0693,2024-11-23,Bangalore,C,Member,Female,Sports and travel,90.68,4,Ewallet,9.9,362.72,18.14
INV-0694,2024-11-24,Mumbai,C,Normal,Male,Sports and travel,31.54,6,Cash,9.1,189.24,9.46
INV-0695,2024-11-25,Bangalore,B,Normal,Female,Sports and travel,20.87,7,Ewallet,8.8,146.09,7.3
INV-0696,2024-11-26,Mumbai,C,Normal,Male,Sports and travel,29.83,9,Ewallet,8.9,268.47,13.42
INV-0697,2024-11-27,Mumbai,C,Member,Female,Fashion accessories,37.19,3,Cash,5.5,111.57,5.58
INV-0698,2024-11-28,Delhi,A,Member,Female,Electronic accessories,89.47,9,Cash,1.4,805.23,40.26
INV-0699,2024-11-29,Delhi,B,Normal,Female,Sports and travel,58.88,4,Ewallet,2.2,235.52,11.78
INV-0700,2024-11-30,Mumbai,A,Member,Female,Sports and travel,35.8,4,Ewallet,5.8,143.2,7.16
INV-0701,2024-12-01,Bangalore,C,Member,Male,Food and beverages,22.45,3,Cash,9.1,67.35,3.37
INV-0702,2024-12-02,Delhi,B,Member,Male,Health and Beauty,36.11,7,Cash,3.7,252.77,12.64
INV-0703,2024-12-03,Bangalore,C,Normal,Female,Health and Beauty,65.25,9,Ewallet,4.1,587.25,29.36
INV-0704,2024-12-04,Bangalore,B,Member,Female,Sports and travel,39.17,8,Cash,4.5,313.36,15.67
INV-0705,2024-12-05,Delhi,A,Normal,Female,Food and beverages,51.16,7,Ewallet,6.4,358.12,17.91
INV-0706,2024-12-06,Delhi,B,Member,Female,Electronic accessories,49.97,7,Ewallet,3.2,349.79,17.49
INV-0707,2024-12-07,Bangalore,C,Normal,Male,Sports and travel,84.53,6,Cash,7.1,507.18,25.36
INV-0708,2024-12-08,Mumbai,C,Normal,Male,Health and Beauty,48.37,8,Credit card,1.7,386.96,19.35
INV-0709,2024-12-09,Mumbai,B,Member,Male,Home and lifestyle,41.11,5,Credit card,2.4,205.55,10.28
INV-0710,2024-12-10,Bangalore,B,Normal,Male,Home and lifestyle,70.75,3,Cash,9.3,212.25,10.61
INV-0711,2024-12-11,Bangalore,B,Member,Female,Home and lifestyle,29.93,5,Credit card,4.1,149.65,7.48
INV-0712,2024-12-12,Mumbai,B,Member,Female,Electronic accessories,52.05,5,Cash,8.0,260.25,13.01
INV-0713,2024-12-13,Delhi,C,Member,Male,Fashion accessories,38.33,2,Ewallet,3.1,76.66,3.83
INV-0714,2024-12-14,Delhi,A,Member,Female,Food and beverages,66.42,2,Cash,9.6,132.84,6.64
INV-0715,2024-12-15,Delhi,C,Normal,Male,Fashion accessories,88.96,9,Credit card,1.8,800.64,40.03
INV-0716,2024-12-16,Mumbai,A,Member,Female,Electronic accessories,50.29,7,Credit card,1.7,352.03,17.6
INV-0717,2024-12-17,Mumbai,C,Normal,Female,Fashion accessories,80.6,4,Ewallet,8.2,322.4,16.12
INV-0718,2024-12-18,Delhi,A,Member,Female,Sports and travel,51.13,6,Ewallet,5.3,306.78,15.34
INV-0719,2024-12-19,Mumbai,C,Normal,Male,Food and beverages,69.06,1,Ewallet,1.2,69.06,3.45
INV-0720,2024-12-20,Delhi,A,Member,Female,Electronic accessories,21.87,5,Cash,3.7,109.35,5.47
INV-0721,2024-12-21,Delhi,C,Member,Female,Food and beverages,48.97,8,Cash,3.3,391.76,19.59
INV-0722,2024-12-22,Delhi,B,Normal,Female,Health and Beauty,91.84,5,Ewallet,8.4,459.2,22.96
INV-0723,2024-12-23,Bangalore,A,Normal,Male,Food and beverages,64.49,6,Ewallet,7.3,386.94,19.35
INV-0724,2024-12-24,Bangalore,C,Member,Male,Fashion accessories,79.01,3,Ewallet,4.7,237.03,11.85
INV-0725,2024-12-25,Mumbai,B,Member,Male,Fashion accessories,55.42,2,Credit card,8.7,110.84,5.54
INV-0726,2024-12-26,Mumbai,B,Member,Female,Electronic accessories,54.83,9,Ewallet,5.0,493.47,24.67
INV-0727,2024-12-27,Mumbai,B,Normal,Male,Electronic accessories,85.86,6,Credit card,1.5,515.16,25.76
INV-0728,2024-12-28,Bangalore,B,Member,Male,Electronic accessories,16.1,1,Cash,8.7,16.1,0.81
INV-0729,2024-12-29,Mumbai,A,Normal,Male,Home and lifestyle,61.59,3,Ewallet,1.2,184.77,9.24
INV-0730,2024-12-30,Mumbai,B,Member,Male,Electronic accessories,94.85,5,Cash,4.6,474.25,23.71
INV-0731,2024-12-31,Bangalore,B,Normal,Female,Home and lifestyle,56.61,1,Cash,7.5,56.61,2.83
INV-0732,2025-01-01,Mumbai,B,Normal,Male,Home and lifestyle,27.5,4,Cash,4.7,110.0,5.5
INV-0733,2025-01-02,Bangalore,B,Normal,Female,Home and lifestyle,86.31,5,Credit card,9.1,431.55,21.58
INV-0734,2025-01-03,Mumbai,A,Normal,Male,Sports and travel,32.65,1,Ewallet,7.7,32.65,1.63
INV-0735,2025-01-04,Mumbai,A,Member,Female,Electronic accessories,73.07,3,Ewallet,6.1,219.21,10.96
INV-0736,2025-01-05,Mumbai,A,Normal,Male,Health and Beauty,58.62,5,Cash,8.1,293.1,14.66
INV-0737,2025-01-06,Mumbai,B,Member,Female,Home and lifestyle,95.4,2,Credit card,2.6,190.8,9.54
INV-0738,2025-01-07,Bangalore,A,Normal,Female,Fashion accessories,66.19,7,Credit card,1.8,463.33,23.17
INV-0739,2025-01-08,Bangalore,C,Normal,Male,Fashion accessories,85.42,1,Cash,9.2,85.42,4.27
INV-0740,2025-01-09,Bangalore,B,Member,Female,Health and Beauty,10.71,9,Cash,6.9,96.39,4.82
INV-0741,2025-01-10,Mumbai,C,Member,Female,Fashion accessories,99.04,8,Cash,9.6,792.32,39.62
INV-0742,2025-01-11,Bangalore,B,Member,Female,Health and Beauty,16.99,1,Credit card,4.6,16.99,0.85
INV-0743,2025-01-12,Bangalore,A,Normal,Male,Home and lifestyle,38.99,2,Ewallet,2.1,77.98,3.9
INV-0744,2025-01-13,Delhi,A,Normal,Male,Health and Beauty,95.15,4,Cash,7.2,380.6,19.03
INV-0745,2025-01-14,Delhi,B,Normal,Male,Home and lifestyle,10.8,8,Cash,1.5,86.4,4.32
INV-0746,2025-01-15,Mumbai,C,Normal,Female,Home and lifestyle,84.05,2,Cash,4.3,168.1,8.4
INV-0747,2025-01-16,Mumbai,C,Member,Male,Health and Beauty,87.51,4,Credit card,5.0,350.04,17.5
INV-0748,2025-01-17,Mumbai,A,Normal,Male,Home and lifestyle,49.58,2,Ewallet,5.7,99.16,4.96
INV-0749,2025-01-18,Mumbai,A,Member,Male,Fashion accessories,33.02,2,Ewallet,7.5,66.04,3.3
INV-0750,2025-01-19,Mumbai,C,Normal,Female,Electronic accessories,82.24,7,Credit card,5.6,575.68,28.78
INV-0751,2025-01-20,Bangalore,C,Member,Male,Electronic accessories,53.01,8,Ewallet,7.9,424.08,21.2
INV-0752,2025-01-21,Delhi,B,Normal,Male,Home and lifestyle,22.09,9,Cash,7.5,198.81,9.94
INV-0753,2025-01-22,Mumbai,A,Member,Male,Fashion accessories,93.51,2,Ewallet,6.4,187.02,9.35
INV-0754,2025-01-23,Bangalore,B,Normal,Female,Fashion accessories,90.64,2,Cash,9.5,181.28,9.06
INV-0755,2025-01-24,Bangalore,B,Member,Female,Sports and travel,54.24,9,Cash,1.8,488.16,24.41
INV-0756,2025-01-25,Delhi,A,Normal,Female,Fashion accessories,87.1,3,Cash,3.2,261.3,13.07
INV-0757,2025-01-26,Mumbai,A,Member,Male,Fashion accessories,47.67,1,Ewallet,3.7,47.67,2.38
INV-0758,2025-01-27,Delhi,C,Member,Male,Fashion accessories,71.51,3,Cash,9.5,214.53,10.73
INV-0759,2025-01-28,Bangalore,C,Member,Female,Electronic accessories,45.82,3,Credit card,6.6,137.46,6.87
INV-0760,2025-01-29,Mumbai,C,Member,Female,Fashion accessories,55.52,9,Ewallet,6.4,499.68,24.98
INV-0761,2025-01-30,Delhi,B,Member,Female,Sports and travel,27.06,7,Cash,2.7,189.42,9.47
INV-0762,2025-01-31,Delhi,C,Normal,Female,Electronic accessories,96.85,8,Ewallet,1.3,774.8,38.74
INV-0763,2025-02-01,Mumbai,C,Member,Male,Electronic accessories,36.48,2,Credit card,3.1,72.96,3.65
INV-0764,2025-02-02,Mumbai,C,Normal,Female,Electronic accessories,19.31,9,Credit card,7.1,173.79,8.69
INV-0765,2025-02-03,Delhi,A,Normal,Female,Health and Beauty,22.99,3,Cash,5.4,68.97,3.45
INV-0766,2025-02-04,Mumbai,A,Member,Female,Fashion accessories,11.27,3,Credit card,5.9,33.81,1.69
INV-0767,2025-02-05,Mumbai,A,Normal,Male,Fashion accessories,74.44,4,Ewallet,7.1,297.76,14.89
INV-0768,2025-02-06,Bangalore,C,Member,Female,Health and Beauty,60.8,6,Cash,10.0,364.8,18.24
INV-0769,2025-02-07,Delhi,C,Normal,Female,Food and beverages,81.51,3,Ewallet,4.1,244.53,12.23
INV-0770,2025-02-08,Bangalore,B,Normal,Female,Health and Beauty,55.64,3,Ewallet,3.1,166.92,8.35
INV-0771,2025-02-09,Delhi,B,Normal,Female,Sports and travel,81.26,4,Cash,5.3,325.04,16.25
INV-0772,2025-02-10,Bangalore,A,Normal,Male,Home and lifestyle,72.62,9,Credit card,9.7,653.58,32.68
INV-0773,2025-02-11,Delhi,C,Member,Female,Food and beverages,80.01,8,Cash,9.3,640.08,32.0
INV-0774,2025-02-12,Bangalore,C,Member,Male,Health and Beauty,46.58,5,Ewallet,2.4,232.9,11.65
INV-0775,2025-02-13,Mumbai,B,Normal,Male,Health and Beauty,68.3,2,Credit card,8.6,136.6,6.83
INV-0776,2025-02-14,Mumbai,A,Normal,Male,Sports and travel,26.18,6,Credit card,4.9,157.08,7.85
INV-0777,2025-02-15,Bangalore,B,Normal,Female,Electronic accessories,38.96,2,Ewallet,5.0,77.92,3.9
INV-0778,2025-02-16,Mumbai,C,Normal,Female,Sports and travel,25.53,8,Cash,6.5,204.24,10.21
INV-0779,2025-02-17,Bangalore,C,Normal,Female,Sports and travel,46.78,2,Cash,3.2,93.56,4.68
INV-0780,2025-02-18,Bangalore,C,Member,Female,Electronic accessories,31.73,1,Cash,5.9,31.73,1.59
INV-0781,2025-02-19,Delhi,C,Normal,Female,Home and lifestyle,46.62,7,Credit card,8.9,326.34,16.32
INV-0782,2025-02-20,Delhi,C,Normal,Male,Food and beverages,97.77,8,Credit card,5.6,782.16,39.11
INV-0783,2025-02-21,Delhi,B,Normal,Male,Food and beverages,38.83,1,Cash,6.1,38.83,1.94
INV-0784,2025-02-22,Delhi,B,Member,Female,Electronic accessories,98.42,9,Cash,8.1,885.78,44.29
INV-0785,2025-02-23,Bangalore,B,Normal,Male,Electronic accessories,67.27,9,Cash,6.8,605.43,30.27
INV-0786,2025-02-24,Mumbai,B,Member,Female,Health and Beauty,43.76,6,Cash,7.1,262.56,13.13
INV-0787,2025-02-25,Bangalore,B,Member,Male,Home and lifestyle,87.17,7,Ewallet,1.6,610.19,30.51
INV-0788,2025-02-26,Bangalore,A,Normal,Male,Health and Beauty,65.76,1,Ewallet,9.0,65.76,3.29
INV-0789,2025-02-27,Mumbai,A,Member,Female,Fashion accessories,32.68,4,Ewallet,4.3,130.72,6.54
INV-0790,2025-02-28,Bangalore,C,Normal,Male,Sports and travel,81.36,7,Cash,7.8,569.52,28.48
INV-0791,2025-03-01,Delhi,B,Member,Female,Health and Beauty,48.96,5,Ewallet,4.8,244.8,12.24
INV-0792,2025-03-02,Delhi,C,Normal,Female,Health and Beauty,42.18,4,Cash,2.1,168.72,8.44
INV-0793,2025-03-03,Delhi,A,Member,Male,Home and lifestyle,39.72,6,Credit card,8.2,238.32,11.92
INV-0794,2025-03-04,Bangalore,B,Member,Female,Sports and travel,72.76,6,Ewallet,1.8,436.56,21.83
INV-0795,2025-03-05,Mumbai,C,Member,Female,Home and lifestyle,34.18,5,Cash,9.7,170.9,8.54
INV-0796,2025-03-06,Delhi,B,Normal,Female,Electronic accessories,82.75,3,Credit card,8.4,248.25,12.41
INV-0797,2025-03-07,Bangalore,B,Member,Male,Home and lifestyle,36.58,8,Ewallet,9.8,292.64,14.63
INV-0798,2025-03-08,Bangalore,C,Normal,Male,Food and beverages,58.97,2,Credit card,7.8,117.94,5.9
INV-0799,2025-03-09,Bangalore,C,Member,Female,Home and lifestyle,53.91,9,Cash,5.7,485.19,24.26
INV-0800,2025-03-10,Mumbai,B,Member,Male,Home and lifestyle,86.98,6,Credit card,7.1,521.88,26.09
INV-0801,2025-03-11,Mumbai,C,Member,Female,Fashion accessories,89.95,6,Cash,8.6,539.7,26.99
INV-0802,2025-03-12,Mumbai,B,Member,Female,Electronic accessories,26.59,8,Cash,5.5,212.72,10.64
INV-0803,2025-03-13,Delhi,B,Normal,Female,Home and lifestyle,62.68,9,Credit card,4.6,564.12,28.21
INV-0804,2025-03-14,Bangalore,A,Member,Male,Health and Beauty,90.84,9,Credit card,6.5,817.56,40.88
INV-0805,2025-03-15,Delhi,C,Member,Male,Sports and travel,50.15,8,Cash,2.3,401.2,20.06
INV-0806,2025-03-16,Mumbai,B,Normal,Male,Sports and travel,92.97,4,Ewallet,5.2,371.88,18.59
INV-0807,2025-03-17,Delhi,B,Member,Male,Home and lifestyle,35.11,1,Ewallet,1.6,35.11,1.76
INV-0808,2025-03-18,Bangalore,B,Member,Male,Fashion accessories,64.79,5,Ewallet,4.2,323.95,16.2
INV-0809,2025-03-19,Delhi,A,Normal,Female,Fashion accessories,71.42,9,Credit card,3.2,642.78,32.14
INV-0810,2025-03-20,Delhi,C,Member,Female,Sports and travel,30.54,4,Cash,2.6,122.16,6.11
INV-0811,2025-03-21,Bangalore,A,Member,Male,Fashion accessories,11.24,9,Credit card,8.9,101.16,5.06
INV-0812,2025-03-22,Bangalore,C,Normal,Female,Food and beverages,47.51,3,Cash,3.8,142.53,7.13
INV-0813,2025-03-23,Bangalore,C,Normal,Male,Fashion accessories,94.46,9,Cash,3.0,850.14,42.51
INV-0814,2025-03-24,Delhi,A,Member,Female,Health and Beauty,40.87,9,Credit card,9.4,367.83,18.39
INV-0815,2025-03-25,Mumbai,B,Normal,Female,Home and lifestyle,80.18,6,Ewallet,2.0,481.08,24.05
INV-0816,2025-03-26,Delhi,A,Normal,Male,Home and lifestyle,25.73,8,Cash,8.7,205.84,10.29
INV-0817,2025-03-27,Mumbai,B,Normal,Male,Fashion accessories,40.78,2,Credit card,9.4,81.56,4.08
INV-0818,2025-03-28,Delhi,A,Member,Female,Food and beverages,23.01,3,Credit card,6.0,69.03,3.45
INV-0819,2025-03-29,Delhi,C,Normal,Male,Health and Beauty,74.51,7,Cash,2.8,521.57,26.08
INV-0820,2025-03-30,Mumbai,C,Member,Female,Fashion accessories,72.94,9,Ewallet,2.4,656.46,32.82
INV-0821,2025-03-31,Delhi,C,Normal,Male,Food and beverages,71.96,5,Credit card,4.5,359.8,17.99
INV-0822,2025-04-01,Mumbai,B,Member,Male,Electronic accessories,32.81,1,Ewallet,9.8,32.81,1.64
INV-0823,2025-04-02,Bangalore,B,Member,Male,Health and Beauty,72.31,3,Cash,5.5,216.93,10.85
INV-0824,2025-04-03,Mumbai,A,Member,Female,Home and lifestyle,30.46,9,Cash,6.3,274.14,13.71
INV-0825,2025-04-04,Mumbai,B,Normal,Male,Health and Beauty,48.22,6,Cash,5.6,289.32,14.47
INV-0826,2025-04-05,Bangalore,A,Member,Female,Sports and travel,43.47,5,Credit card,3.5,217.35,10.87
INV-0827,2025-04-06,Delhi,A,Member,Male,Electronic accessories,41.98,8,Ewallet,6.9,335.84,16.79
INV-0828,2025-04-07,Delhi,B,Member,Female,Food and beverages,15.19,7,Cash,5.6,106.33,5.32
INV-0829,2025-04-08,Bangalore,A,Member,Male,Health and Beauty,66.85,9,Ewallet,6.6,601.65,30.08
INV-0830,2025-04-09,Mumbai,A,Normal,Female,Health and Beauty,73.66,5,Cash,3.1,368.3,18.42
INV-0831,2025-04-10,Mumbai,A,Normal,Female,Health and Beauty,65.22,9,Credit card,6.3,586.98,29.35
INV-0832,2025-04-11,Bangalore,C,Member,Female,Sports and travel,68.35,2,Cash,4.1,136.7,6.84
INV-0833,2025-04-12,Bangalore,A,Normal,Male,Electronic accessories,25.29,3,Credit card,2.2,75.87,3.79
INV-0834,2025-04-13,Bangalore,C,Member,Female,Health and Beauty,23.45,8,Credit card,3.7,187.6,9.38
INV-0835,2025-04-14,Delhi,B,Member,Male,Health and Beauty,56.28,4,Ewallet,7.7,225.12,11.26
INV-0836,2025-04-15,Delhi,C,Normal,Male,Home and lifestyle,88.78,9,Credit card,2.0,799.02,39.95
INV-0837,2025-04-16,Bangalore,C,Normal,Female,Electronic accessories,26.56,7,Credit card,2.3,185.92,9.3
INV-0838,2025-04-17,Delhi,C,Normal,Male,Home and lifestyle,51.66,2,Credit card,4.0,103.32,5.17
INV-0839,2025-04-18,Mumbai,C,Normal,Male,Sports and travel,48.6,7,Ewallet,2.9,340.2,17.01
INV-0840,2025-04-19,Bangalore,C,Member,Male,Electronic accessories,54.76,2,Credit card,8.2,109.52,5.48
INV-0841,2025-04-20,Delhi,C,Normal,Female,Home and lifestyle,24.54,8,Credit card,4.5,196.32,9.82
INV-0842,2025-04-21,Bangalore,B,Member,Male,Sports and travel,40.82,6,Ewallet,7.9,244.92,12.25
INV-0843,2025-04-22,Bangalore,C,Normal,Male,Electronic accessories,33.57,9,Credit card,6.6,302.13,15.11
INV-0844,2025-04-23,Mumbai,C,Member,Male,Electronic accessories,86.01,8,Credit card,5.4,688.08,34.4
INV-0845,2025-04-24,Bangalore,C,Normal,Male,Electronic accessories,82.03,2,Credit card,1.7,164.06,8.2
INV-0846,2025-04-25,Delhi,C,Normal,Female,Electronic accessories,48.4,8,Cash,9.8,387.2,19.36
INV-0847,2025-04-26,Bangalore,A,Member,Male,Sports and travel,64.63,6,Ewallet,3.2,387.78,19.39
INV-0848,2025-04-27,Mumbai,B,Normal,Male,Electronic accessories,23.09,2,Ewallet,9.8,46.18,2.31
INV-0849,2025-04-28,Mumbai,A,Normal,Female,Home and lifestyle,55.87,1,Cash,1.2,55.87,2.79
INV-0850,2025-04-29,Mumbai,C,Normal,Male,Fashion accessories,36.73,3,Cash,2.8,110.19,5.51
INV-0851,2025-04-30,Mumbai,C,Member,Female,Food and beverages,87.37,9,Credit card,9.7,786.33,39.32
INV-0852,2025-05-01,Mumbai,A,Member,Male,Electronic accessories,70.44,8,Cash,7.3,563.52,28.18
INV-0853,2025-05-02,Mumbai,A,Member,Female,Sports and travel,67.01,8,Credit card,3.2,536.08,26.8
INV-0854,2025-05-03,Bangalore,B,Normal,Female,Health and Beauty,21.23,7,Ewallet,3.6,148.61,7.43
INV-0855,2025-05-04,Bangalore,C,Normal,Male,Health and Beauty,52.35,5,Cash,7.7,261.75,13.09
INV-0856,2025-05-05,Delhi,A,Member,Female,Fashion accessories,98.79,1,Credit card,3.3,98.79,4.94
INV-0857,2025-05-06,Delhi,C,Normal,Male,Health and Beauty,95.35,8,Ewallet,6.7,762.8,38.14
INV-0858,2025-05-07,Bangalore,A,Member,Male,Health and Beauty,68.06,6,Ewallet,3.1,408.36,20.42
INV-0859,2025-05-08,Delhi,C,Member,Male,Fashion accessories,23.66,4,Ewallet,9.8,94.64,4.73
INV-0860,2025-05-09,Mumbai,B,Member,Male,Electronic accessories,67.52,5,Cash,2.1,337.6,16.88
INV-0861,2025-05-10,Delhi,B,Normal,Male,Health and Beauty,60.91,9,Cash,5.5,548.19,27.41
INV-0862,2025-05-11,Mumbai,C,Normal,Male,Electronic accessories,52.18,8,Ewallet,9.2,417.44,20.87
INV-0863,2025-05-12,Bangalore,A,Normal,Male,Sports and travel,48.52,1,Ewallet,3.3,48.52,2.43
INV-0864,2025-05-13,Bangalore,C,Normal,Male,Food and beverages,63.93,7,Cash,7.3,447.51,22.38
INV-0865,2025-05-14,Mumbai,A,Normal,Female,Health and Beauty,86.5,2,Cash,7.1,173.0,8.65
INV-0866,2025-05-15,Mumbai,B,Normal,Male,Sports and travel,77.6,8,Cash,9.4,620.8,31.04
INV-0867,2025-05-16,Mumbai,A,Normal,Male,Fashion accessories,62.14,3,Credit card,4.5,186.42,9.32
INV-0868,2025-05-17,Mumbai,B,Member,Female,Health and Beauty,93.22,5,Ewallet,3.5,466.1,23.31
INV-0869,2025-05-18,Mumbai,C,Normal,Female,Electronic accessories,15.83,1,Ewallet,3.3,15.83,0.79
INV-0870,2025-05-19,Delhi,B,Member,Female,Home and lifestyle,99.22,5,Cash,4.0,496.1,24.81
INV-0871,2025-05-20,Mumbai,A,Member,Female,Sports and travel,14.77,4,Ewallet,8.2,59.08,2.95
INV-0872,2025-05-21,Delhi,A,Normal,Female,Fashion accessories,27.95,6,Cash,6.7,167.7,8.38
INV-0873,2025-05-22,Bangalore,B,Normal,Female,Electronic accessories,48.05,4,Ewallet,4.6,192.2,9.61
INV-0874,2025-05-23,Bangalore,A,Member,Male,Electronic accessories,19.68,2,Cash,2.8,39.36,1.97
INV-0875,2025-05-24,Mumbai,B,Member,Female,Health and Beauty,66.13,2,Credit card,6.9,132.26,6.61
INV-0876,2025-05-25,Bangalore,B,Member,Female,Electronic accessories,14.32,8,Credit card,1.5,114.56,5.73
INV-0877,2025-05-26,Mumbai,B,Normal,Male,Home and lifestyle,35.62,5,Cash,5.9,178.1,8.9
INV-0878,2025-05-27,Mumbai,C,Member,Male,Fashion accessories,15.49,8,Credit card,4.0,123.92,6.2
INV-0879,2025-05-28,Mumbai,B,Normal,Male,Fashion accessories,73.32,4,Credit card,6.4,293.28,14.66
INV-0880,2025-05-29,Bangalore,A,Member,Female,Home and lifestyle,70.16,4,Ewallet,6.7,280.64,14.03
INV-0881,2025-05-30,Delhi,C,Member,Male,Sports and travel,44.07,9,Ewallet,9.1,396.63,19.83
INV-0882,2025-05-31,Delhi,B,Normal,Female,Sports and travel,26.94,5,Credit card,9.1,134.7,6.74
INV-0883,2025-06-01,Mumbai,A,Member,Female,Fashion accessories,77.23,8,Ewallet,6.7,617.84,30.89
INV-0884,2025-06-02,Bangalore,C,Member,Female,Home and lifestyle,40.63,9,Ewallet,6.8,365.67,18.28
INV-0885,2025-06-03,Mumbai,C,Member,Female,Sports and travel,81.58,8,Ewallet,8.9,652.64,32.63
INV-0886,2025-06-04,Delhi,C,Normal,Male,Electronic accessories,53.91,3,Credit card,8.3,161.73,8.09
INV-0887,2025-06-05,Bangalore,C,Normal,Female,Health and Beauty,57.31,9,Ewallet,6.1,515.79,25.79
INV-0888,2025-06-06,Mumbai,B,Normal,Male,Home and lifestyle,12.56,2,Cash,7.9,25.12,1.26
INV-0889,2025-06-07,Delhi,A,Normal,Male,Health and Beauty,67.98,9,Cash,5.1,611.82,30.59
INV-0890,2025-06-08,Bangalore,B,Member,Male,Fashion accessories,41.56,6,Credit card,3.6,249.36,12.47
INV-0891,2025-06-09,Bangalore,B,Member,Male,Sports and travel,30.63,6,Credit card,7.4,183.78,9.19
INV-0892,2025-06-10,Mumbai,A,Member,Male,Food and beverages,49.05,7,Ewallet,4.5,343.35,17.17
INV-0893,2025-06-11,Mumbai,C,Member,Female,Sports and travel,44.42,8,Ewallet,2.2,355.36,17.77
INV-0894,2025-06-12,Bangalore,C,Normal,Female,Home and lifestyle,52.28,2,Credit card,7.8,104.56,5.23
INV-0895,2025-06-13,Mumbai,A,Member,Male,Sports and travel,98.15,4,Ewallet,7.3,392.6,19.63
INV-0896,2025-06-14,Mumbai,A,Normal,Female,Food and beverages,42.79,1,Credit card,5.0,42.79,2.14
INV-0897,2025-06-15,Mumbai,B,Normal,Male,Sports and travel,79.7,9,Credit card,1.5,717.3,35.86
INV-0898,2025-06-16,Delhi,A,Normal,Female,Health and Beauty,59.75,6,Credit card,9.3,358.5,17.92
INV-0899,2025-06-17,Mumbai,A,Normal,Male,Home and lifestyle,90.02,5,Ewallet,7.1,450.1,22.51
INV-0900,2025-06-18,Bangalore,A,Normal,Female,Sports and travel,41.95,1,Cash,2.9,41.95,2.1
INV-0901,2025-06-19,Delhi,C,Normal,Male,Electronic accessories,32.1,4,Cash,5.5,128.4,6.42
INV-0902,2025-06-20,Bangalore,B,Member,Female,Fashion accessories,91.99,7,Credit card,1.0,643.93,32.2
INV-0903,2025-06-21,Bangalore,A,Normal,Female,Sports and travel,13.92,5,Ewallet,8.8,69.6,3.48
INV-0904,2025-06-22,Delhi,C,Normal,Female,Fashion accessories,95.57,9,Cash,7.3,860.13,43.01
INV-0905,2025-06-23,Delhi,B,Normal,Female,Health and Beauty,60.08,3,Ewallet,1.7,180.24,9.01
INV-0906,2025-06-24,Bangalore,B,Member,Female,Sports and travel,43.87,4,Ewallet,7.2,175.48,8.77
INV-0907,2025-06-25,Bangalore,C,Normal,Male,Sports and travel,99.55,1,Cash,9.8,99.55,4.98
INV-0908,2025-06-26,Bangalore,B,Member,Female,Electronic accessories,15.25,7,Ewallet,2.3,106.75,5.34
INV-0909,2025-06-27,Delhi,B,Member,Male,Fashion accessories,56.5,8,Ewallet,1.8,452.0,22.6
INV-0910,2025-06-28,Mumbai,A,Member,Male,Sports and travel,12.8,4,Credit card,9.4,51.2,2.56
INV-0911,2025-06-29,Bangalore,A,Member,Male,Fashion accessories,61.41,4,Cash,7.2,245.64,12.28
INV-0912,2025-06-30,Delhi,B,Normal,Male,Food and beverages,26.24,8,Ewallet,8.6,209.92,10.5
INV-0913,2025-07-01,Delhi,B,Normal,Female,Fashion accessories,66.79,6,Cash,8.7,400.74,20.04
INV-0914,2025-07-02,Bangalore,B,Normal,Male,Food and beverages,98.28,9,Ewallet,9.2,884.52,44.23
INV-0915,2025-07-03,Delhi,A,Normal,Male,Food and beverages,88.74,3,Cash,9.8,266.22,13.31
INV-0916,2025-07-04,Bangalore,A,Normal,Female,Health and Beauty,50.67,9,Credit card,7.8,456.03,22.8
INV-0917,2025-07-05,Delhi,C,Normal,Female,Food and beverages,73.76,3,Cash,6.2,221.28,11.06
INV-0918,2025-07-06,Delhi,B,Member,Male,Fashion accessories,79.97,8,Cash,6.1,639.76,31.99
INV-0919,2025-07-07,Delhi,A,Member,Female,Electronic accessories,54.54,6,Ewallet,4.3,327.24,16.36
INV-0920,2025-07-08,Mumbai,A,Member,Male,Health and Beauty,57.57,4,Credit card,4.2,230.28,11.51
INV-0921,2025-07-09,Delhi,A,Member,Female,Sports and travel,23.57,2,Cash,9.3,47.14,2.36
INV-0922,2025-07-10,Bangalore,A,Member,Female,Health and Beauty,43.25,3,Ewallet,5.7,129.75,6.49
INV-0923,2025-07-11,Mumbai,B,Normal,Male,Home and lifestyle,22.8,7,Ewallet,5.7,159.6,7.98
INV-0924,2025-07-12,Bangalore,A,Member,Male,Food and beverages,75.42,2,Credit card,5.4,150.84,7.54
INV-0925,2025-07-13,Bangalore,B,Member,Male,Fashion accessories,52.93,3,Ewallet,5.3,158.79,7.94
INV-0926,2025-07-14,Delhi,B,Member,Female,Sports and travel,50.4,4,Cash,9.4,201.6,10.08
INV-0927,2025-07-15,Mumbai,C,Normal,Male,Fashion accessories,89.74,1,Credit card,3.9,89.74,4.49
INV-0928,2025-07-16,Delhi,B,Normal,Male,Food and beverages,57.49,7,Credit card,9.6,402.43,20.12
INV-0929,2025-07-17,Mumbai,B,Normal,Female,Home and lifestyle,46.82,3,Ewallet,1.9,140.46,7.02
INV-0930,2025-07-18,Mumbai,C,Normal,Male,Sports and travel,34.2,8,Cash,9.2,273.6,13.68
INV-0931,2025-07-19,Mumbai,A,Normal,Male,Food and beverages,16.48,2,Cash,2.0,32.96,1.65
INV-0932,2025-07-20,Bangalore,C,Normal,Male,Fashion accessories,47.63,2,Credit card,1.1,95.26,4.76
INV-0933,2025-07-21,Mumbai,C,Member,Male,Home and lifestyle,12.32,2,Cash,6.0,24.64,1.23
INV-0934,2025-07-22,Delhi,A,Normal,Female,Fashion accessories,36.2,6,Ewallet,8.2,217.2,10.86
INV-0935,2025-07-23,Delhi,A,Normal,Male,Health and Beauty,55.32,1,Ewallet,3.6,55.32,2.77
INV-0936,2025-07-24,Bangalore,A,Normal,Male,Electronic accessories,96.93,6,Credit card,2.3,581.58,29.08
INV-0937,2025-07-25,Delhi,B,Normal,Male,Home and lifestyle,19.84,1,Cash,4.1,19.84,0.99
INV-0938,2025-07-26,Delhi,C,Normal,Female,Health and Beauty,70.57,1,Cash,9.8,70.57,3.53
INV-0939,2025-07-27,Delhi,A,Normal,Female,Sports and travel,54.99,7,Credit card,6.7,384.93,19.25
INV-0940,2025-07-28,Bangalore,A,Normal,Male,Sports and travel,79.94,8,Ewallet,3.3,639.52,31.98
INV-0941,2025-07-29,Bangalore,C,Member,Male,Home and lifestyle,22.92,6,Cash,8.5,137.52,6.88
INV-0942,2025-07-30,Mumbai,A,Normal,Female,Sports and travel,17.49,6,Ewallet,9.3,104.94,5.25
INV-0943,2025-07-31,Bangalore,A,Member,Male,Food and beverages,45.93,8,Cash,4.3,367.44,18.37
INV-0944,2025-08-01,Bangalore,C,Member,Female,Food and beverages,81.73,1,Credit card,4.2,81.73,4.09
INV-0945,2025-08-02,Bangalore,A,Member,Male,Food and beverages,27.25,8,Credit card,7.0,218.0,10.9
INV-0946,2025-08-03,Delhi,C,Member,Female,Electronic accessories,79.1,2,Ewallet,8.1,158.2,7.91
INV-0947,2025-08-04,Delhi,C,Normal,Female,Food and beverages,36.13,3,Ewallet,3.7,108.39,5.42
INV-0948,2025-08-05,Bangalore,C,Normal,Male,Food and beverages,29.52,5,Ewallet,3.1,147.6,7.38
INV-0949,2025-08-06,Delhi,C,Member,Male,Sports and travel,11.5,1,Ewallet,7.9,11.5,0.58
INV-0950,2025-08-07,Delhi,A,Member,Male,Food and beverages,45.88,9,Ewallet,2.2,412.92,20.65
INV-0951,2025-08-08,Delhi,A,Member,Male,Sports and travel,44.3,9,Cash,3.0,398.7,19.94
INV-0952,2025-08-09,Mumbai,C,Member,Male,Electronic accessories,69.34,4,Ewallet,5.2,277.36,13.87
INV-0953,2025-08-10,Mumbai,B,Member,Female,Electronic accessories,16.38,9,Ewallet,5.4,147.42,7.37
INV-0954,2025-08-11,Delhi,B,Normal,Male,Food and beverages,23.73,4,Credit card,8.0,94.92,4.75
INV-0955,2025-08-12,Bangalore,B,Normal,Female,Food and beverages,11.49,3,Ewallet,5.0,34.47,1.72
INV-0956,2025-08-13,Bangalore,C,Member,Male,Health and Beauty,20.24,1,Credit card,2.6,20.24,1.01
INV-0957,2025-08-14,Delhi,C,Member,Male,Electronic accessories,68.66,4,Credit card,5.3,274.64,13.73
INV-0958,2025-08-15,Delhi,B,Member,Male,Home and lifestyle,46.24,4,Ewallet,2.4,184.96,9.25
INV-0959,2025-08-16,Delhi,A,Normal,Male,Sports and travel,38.89,5,Cash,2.4,194.45,9.72
INV-0960,2025-08-17,Mumbai,B,Member,Male,Sports and travel,60.21,2,Cash,4.6,120.42,6.02
INV-0961,2025-08-18,Mumbai,A,Normal,Female,Food and beverages,99.41,1,Credit card,2.8,99.41,4.97
INV-0962,2025-08-19,Bangalore,B,Normal,Female,Food and beverages,85.1,3,Credit card,6.0,255.3,12.76
INV-0963,2025-08-20,Bangalore,B,Member,Female,Food and beverages,72.97,3,Cash,2.9,218.91,10.95
INV-0964,2025-08-21,Bangalore,B,Normal,Female,Health and Beauty,92.64,7,Credit card,4.6,648.48,32.42
INV-0965,2025-08-22,Mumbai,B,Normal,Male,Health and Beauty,13.58,8,Cash,4.4,108.64,5.43
INV-0966,2025-08-23,Bangalore,C,Normal,Female,Health and Beauty,16.33,5,Credit card,2.6,81.65,4.08
INV-0967,2025-08-24,Mumbai,A,Normal,Female,Electronic accessories,52.66,2,Credit card,5.0,105.32,5.27
INV-0968,2025-08-25,Bangalore,B,Normal,Female,Home and lifestyle,41.43,1,Ewallet,6.4,41.43,2.07
INV-0969,2025-08-26,Mumbai,C,Member,Male,Fashion accessories,94.35,2,Credit card,4.2,188.7,9.44
INV-0970,2025-08-27,Mumbai,B,Member,Male,Home and lifestyle,54.06,3,Cash,7.2,162.18,8.11
INV-0971,2025-08-28,Delhi,B,Normal,Male,Fashion accessories,58.57,9,Credit card,9.1,527.13,26.36
INV-0972,2025-08-29,Mumbai,A,Member,Female,Sports and travel,90.57,8,Cash,6.1,724.56,36.23
INV-0973,2025-08-30,Bangalore,B,Member,Female,Home and lifestyle,50.2,5,Credit card,6.4,251.0,12.55
INV-0974,2025-08-31,Delhi,B,Normal,Male,Fashion accessories,88.93,4,Credit card,7.3,355.72,17.79
INV-0975,2025-09-01,Bangalore,B,Normal,Male,Home and lifestyle,32.82,6,Credit card,9.4,196.92,9.85
INV-0976,2025-09-02,Delhi,B,Member,Male,Fashion accessories,34.64,4,Credit card,1.3,138.56,6.93
INV-0977,2025-09-03,Mumbai,B,Normal,Male,Health and Beauty,39.55,6,Ewallet,5.8,237.3,11.87
INV-0978,2025-09-04,Mumbai,B,Normal,Female,Home and lifestyle,59.28,4,Cash,1.1,237.12,11.86
INV-0979,2025-09-05,Mumbai,C,Normal,Male,Food and beverages,29.81,9,Ewallet,2.9,268.29,13.41
INV-0980,2025-09-06,Bangalore,C,Normal,Female,Fashion accessories,70.43,9,Cash,7.7,633.87,31.69
INV-0981,2025-09-07,Delhi,A,Member,Male,Electronic accessories,22.85,6,Cash,9.5,137.1,6.86
INV-0982,2025-09-08,Mumbai,A,Member,Female,Food and beverages,18.47,9,Credit card,1.6,166.23,8.31
INV-0983,2025-09-09,Mumbai,C,Normal,Male,Food and beverages,88.32,5,Credit card,4.5,441.6,22.08
INV-0984,2025-09-10,Bangalore,A,Normal,Female,Health and Beauty,31.32,2,Cash,8.0,62.64,3.13
INV-0985,2025-09-11,Bangalore,B,Normal,Male,Electronic accessories,44.74,5,Ewallet,10.0,223.7,11.18
INV-0986,2025-09-12,Mumbai,B,Member,Male,Sports and travel,61.44,6,Ewallet,5.0,368.64,18.43
INV-0987,2025-09-13,Bangalore,B,Member,Male,Health and Beauty,57.32,4,Ewallet,7.7,229.28,11.46
INV-0988,2025-09-14,Delhi,C,Normal,Male,Electronic accessories,16.84,8,Ewallet,4.4,134.72,6.74
INV-0989,2025-09-15,Delhi,A,Member,Female,Food and beverages,88.67,7,Ewallet,4.0,620.69,31.03
INV-0990,2025-09-16,Mumbai,C,Member,Female,Home and lifestyle,95.6,1,Credit card,2.5,95.6,4.78
INV-0991,2025-09-17,Mumbai,A,Member,Female,Home and lifestyle,83.13,8,Ewallet,3.9,665.04,33.25
INV-0992,2025-09-18,Bangalore,A,Normal,Female,Sports and travel,35.54,7,Ewallet,3.9,248.78,12.44
INV-0993,2025-09-19,Mumbai,B,Normal,Male,Fashion accessories,57.51,8,Ewallet,4.3,460.08,23.0
INV-0994,2025-09-20,Mumbai,A,Normal,Male,Sports and travel,40.55,9,Cash,9.3,364.95,18.25
INV-0995,2025-09-21,Delhi,A,Normal,Male,Fashion accessories,59.92,3,Ewallet,9.2,179.76,8.99
INV-0996,2025-09-22,Delhi,C,Member,Male,Health and Beauty,97.7,3,Credit card,5.1,293.1,14.66
INV-0997,2025-09-23,Mumbai,B,Normal,Male,Home and lifestyle,38.05,4,Ewallet,3.4,152.2,7.61
INV-0998,2025-09-24,Mumbai,B,Member,Male,Sports and travel,70.19,6,Ewallet,7.5,421.14,21.06
INV-0999,2025-09-25,Mumbai,A,Normal,Male,Food and beverages,39.34,3,Cash,2.7,118.02,5.9
INV-1000,2025-09-26,Mumbai,C,Normal,Female,Health and Beauty,79.7,4,Credit card,5.7,318.8,15.94
